"setA","setB","A_chromosome","B_chromosome","A_start","B_start","A_end","B_end","A.nCells","B.nCells","AB.intersect","A.total.counts","B.total.counts","padj","pval","odds.ratio","jaccard.index","LEGEND"
"Vmn2r2","Vmn2r7","3","3",64022699,64592465,64049349,64752186,533,690,400,2851.73214344447,4277.17723560526,0,0,94.0759469819213,0.486026731470231,"Vmn2r1 Coexpressing Gene"
"Vmn2r6","Vmn2r7","3","3",64438731,64592465,64473251,64752186,434,690,348,3257.21474367726,4277.17723560526,0,0,107.653374374914,0.448453608247423,"Vmn2r1 Associated Coexpressing Pairs"
"Vmn2r2","Vmn2r6","3","3",64022699,64438731,64049349,64473251,533,434,309,2851.73214344447,3257.21474367726,0,0,101.852173020476,0.469604863221884,"Vmn2r2 - Vmn2r7 Coexpression"
"Vmn2r3","Vmn2r7","3","3",64164636,64592465,64197130,64752186,398,690,180,2914.36323049516,4277.17723560526,2.73691782878679e-103,5.03004221841723e-107,14.5761316749957,0.198237885462555,"Vmn2r2 - Vmn2r7 Coexpressing Gene"
"Vmn2r2","Vmn2r3","3","3",64022699,64164636,64049349,64197130,533,398,177,2851.73214344447,2914.36323049516,1.64964427772547e-121,2.1655695727335e-125,20.5958451384413,0.23474801061008,"Vmn2r2 - Vmn2r7 Associated Coexpressing Pairs"
"Vmn2r2","Vmn2r4","3","3",64022699,64290465,64049349,64322789,533,251,175,2851.73214344447,1865.11786005542,7.90061626166816e-168,6.22291766041916e-172,59.6620235861412,0.28735632183908,"Vmn1r Coexpressing Pairs"
"Vmn2r4","Vmn2r6","3","3",64290465,64438731,64322789,64473251,251,434,174,1865.11786005542,3257.21474367726,8.52447800235351e-185,4.4762014295072e-189,81.7334582394995,0.340508806262231,"Interclass Coexpressing Pair"
"Vmn2r4","Vmn2r7","3","3",64290465,64592465,64322789,64752186,251,690,166,1865.11786005542,4277.17723560526,2.78263962317261e-131,3.28761770223607e-135,34.0347797414601,0.214193548387097," Vmn2r1 & Vmn2r2-7 Associated Coexpressing Pairs"
"Vmn2r3","Vmn2r6","3","3",64164636,64438731,64197130,64473251,398,434,157,2914.36323049516,3257.21474367726,2.53209301299951e-112,4.32120473232956e-116,21.7137946233149,0.232592592592593,NA
"Vmn2r3","Vmn2r4","3","3",64164636,64290465,64197130,64322789,398,251,145,2914.36323049516,1865.11786005542,3.90184164247778e-140,4.09771228993676e-144,50.78697135218,0.287698412698413,NA
"Vmn1r58","Vmn1r61","7","7",5404680,5604646,5416395,5616294,214,219,105,2255.93523051906,1431.97215545478,4.57905214930802e-121,6.61226287050885e-125,80.7371489081322,0.320121951219512,NA
"Vmn2r20","Vmn2r22","6","6",123350472,123586717,123395075,123627684,91,98,81,1465.99682107913,499.865459205489,6.95335599847886e-168,4.56400703533847e-172,4655.2420744241,0.75,NA
"Vmn1r61","Vmn1r62","7","7",5604646,5676630,5616294,5679662,219,77,74,1431.97215545478,389.366491491669,1.39563188560421e-120,2.19853794203562e-124,1624.12682997744,0.333333333333333,NA
"Vmn2r2","Vmn2r30","3","7",64022699,7313436,64049349,7340608,533,130,72,2851.73214344447,949.929208171945,2.55596155550982e-54,9.39494375581219e-58,25.0862511223662,0.121827411167513,NA
"Vmn2r42","Vmn2r49","7","7",8185371,9710172,8203319,9726184,71,96,68,447.950888426996,542.049990341077,4.45117303072738e-143,4.09029237753251e-147,6703.83489868657,0.686868686868687,NA
"Vmn2r7","Vmn2r30","3","7",64592465,7313436,64752186,7340608,690,130,66,4277.17723560526,949.929208171945,4.76803011596067e-39,3.00442981472002e-42,15.1353669906418,0.0875331564986737,NA
"Vmn1r60","Vmn1r61","7","7",5542345,5604646,5550316,5616294,89,219,65,927.466313394656,1431.97215545478,7.09623001613214e-88,1.58364721532039e-91,169.46820406931,0.267489711934156,NA
"Vmn1r58","Vmn1r62","7","7",5404680,5676630,5416395,5679662,214,77,64,2255.93523051906,389.366491491669,6.05150246034467e-94,1.1916159539116e-97,316.738318204916,0.281938325991189,NA
"Vmn2r1","Vmn2r53","3","7",63988968,12296778,64016905,12342715,776,155,58,4145.95714627201,6308.86126992893,1.25427546883648e-22,1.35017050573135e-25,7.52849525775086,0.0664375715922108,NA
"Vmn1r58","Vmn1r63","7","7",5404680,5805344,5416395,5808444,214,60,57,2255.93523051906,522.188265905245,5.40117224028328e-91,1.13446171818594e-94,1151.40180423849,0.262672811059908,NA
"Vmn2r2","Vmn2r49","3","7",64022699,9710172,64049349,9726184,533,96,57,2851.73214344447,542.049990341077,7.67344457885153e-45,4.02932397545239e-48,28.6613527902076,0.0996503496503496,NA
"Vmn2r6","Vmn2r30","3","7",64438731,7313436,64473251,7340608,434,130,57,3257.21474367726,949.929208171945,3.12966390987801e-40,1.88989366538527e-43,19.4702568121823,0.112426035502959,NA
"Vmn2r4","Vmn2r5","3","3",64290465,64396030,64322789,64417263,251,57,53,1865.11786005542,638.463744663651,1.07066335772139e-78,2.670474138404e-82,653.331533237124,0.207843137254902,NA
"Vmn1r58","Vmn1r60","7","7",5404680,5542345,5416395,5550316,214,89,53,2255.93523051906,927.466313394656,9.75942758042731e-64,2.94668707138506e-67,87.9762170266118,0.212,NA
"Olfr344","Vmn1r55","2","7",36456674,5132290,36466190,5152669,59,243,52,2366.46166887582,4883.65067797343,5.9497747657785e-75,1.64021831129685e-78,374.793630288361,0.208,NA
"Vmn2r2","Vmn2r42","3","7",64022699,8185371,64049349,8203319,533,71,51,2851.73214344447,447.950888426996,2.95099197853349e-46,1.4333478156603e-49,49.4683022786844,0.0922242314647378,NA
"Vmn1r56","Vmn1r57","7","7",5197915,5221492,5199746,5224735,54,150,50,309.698666487882,1018.4056525966,1.35156810318993e-86,3.19368644421061e-90,1215.37520507704,0.324675324675325,NA
"Vmn2r44","Vmn2r38","7","7",8369163,9076774,8386332,9100880,95,91,49,592.157113633991,613.551592366143,1.58042943593593e-76,4.1494156583069e-80,245.147523100441,0.357664233576642,NA
"Vmn2r7","Vmn2r49","3","7",64592465,9710172,64752186,9726184,690,96,48,4277.17723560526,542.049990341077,1.75403685415478e-27,1.56577538965718e-30,14.2823019440808,0.0650406504065041,NA
"Vmn2r89","Vmn2r4","14","3",51689314,64290465,51701629,64322789,62,251,46,1049.31283106109,1865.11786005542,2.6990702797287e-58,9.56664796690229e-62,134.800353896938,0.172284644194757,NA
"Vmn2r5","Vmn2r6","3","3",64396030,64438731,64417263,64473251,57,434,46,638.463744663651,3257.21474367726,8.02304781392725e-50,3.47564295656899e-53,101.762953247319,0.103370786516854,NA
"Vmn1r55","Vmn1r58","7","7",5132290,5404680,5152669,5416395,243,214,44,4883.65067797343,2255.93523051906,8.954129527535e-26,8.58080570665373e-29,12.3508245505597,0.106537530266344,NA
"Vmn2r7","Vmn2r44","3","7",64592465,8369163,64752186,8386332,690,95,44,4277.17723560526,592.157113633991,2.58560722253997e-23,2.71540351033393e-26,12.2470120800411,0.0593792172739541,NA
"Vmn1r85","Vmn1r86","7","7",12817240,12831458,12829100,12853844,93,80,42,1033.40511331919,928.582138018516,3.21146513493446e-64,9.27486780200562e-68,209.541416878007,0.320610687022901,NA
"Vmn1r55","Vmn1r63","7","7",5132290,5805344,5152669,5808444,243,60,42,4883.65067797343,522.188265905245,8.63438009796544e-52,3.62712879561665e-55,111.770645300133,0.160919540229885,NA
"Vmn2r7","Vmn2r42","3","7",64592465,8185371,64752186,8203319,690,71,42,4277.17723560526,447.950888426996,8.40442813729497e-28,7.39204848244543e-31,20.538941040485,0.0584144645340751,NA
"Vmn2r1","Vmn2r22","3","6",63988968,123586717,64016905,123627684,776,98,41,4145.95714627201,499.865459205489,1.04294021029069e-17,1.49233988292488e-20,8.88588995472389,0.0492196878751501,NA
"Vmn2r124","Vmn2r1","17","3",18269686,63988968,18299994,64016905,105,776,41,1323.06127732104,4145.95714627201,2.15143546155157e-16,3.21969705178638e-19,7.90801944257531,0.0488095238095238,NA
"Vmn2r2","Vmn2r5","3","3",64022699,64396030,64049349,64417263,533,57,39,2851.73214344447,638.463744663651,1.33020439426007e-33,9.95348278628751e-37,41.0250755554558,0.0707803992740472,NA
"Vmn2r5","Vmn2r7","3","3",64396030,64592465,64417263,64752186,57,690,39,638.463744663651,4277.17723560526,2.98725635042504e-29,2.43134181010229e-32,30.6305291209185,0.0550847457627119,NA
"Vmn2r4","Vmn2r30","3","7",64290465,7313436,64322789,7340608,251,130,39,1865.11786005542,949.929208171945,1.03392171408909e-28,8.68659285099008e-32,19.3338704461812,0.114035087719298,NA
"Vmn2r30","Vmn2r36","7","7",7313436,7878953,7340608,7905494,130,60,37,949.929208171945,413.321444202932,3.90976386285129e-53,1.5397620757921e-56,168.116640825882,0.241830065359477,NA
"Vmn2r3","Vmn2r5","3","3",64164636,64396030,64197130,64417263,398,57,37,2914.36323049516,638.463744663651,3.29794983566627e-35,2.38115995801361e-38,48.5351122129256,0.0885167464114833,NA
"Vmn2r89","Vmn2r2","14","3",51689314,64022699,51701629,64049349,62,533,36,1049.31283106109,2851.73214344447,3.91452769933485e-27,3.54576784360041e-30,26.0425540767209,0.0644007155635063,NA
"Vmn2r6","Vmn2r49","3","7",64438731,9710172,64473251,9726184,434,96,36,3257.21474367726,542.049990341077,7.21638955288814e-22,8.33651387122133e-25,14.1885215507825,0.0728744939271255,NA
"Vmn2r105","Vmn2r1","17","3",20422583,63988968,20455314,64016905,80,776,36,718.621418823235,4145.95714627201,1.20254750147765e-16,1.76808076251702e-19,10.0532278768019,0.0439024390243902,NA
"Vmn1r197","Vmn2r3","13","3",22508759,64164636,22517036,64197130,51,398,35,927.332745319206,2914.36323049516,1.64587044605964e-34,1.20994466734063e-37,57.2135512155445,0.0845410628019324,NA
"Vmn2r89","Vmn2r6","14","3",51689314,64438731,51701629,64473251,62,434,35,1049.31283106109,3257.21474367726,8.1704244787049e-29,6.75720360951492e-32,30.6808949678571,0.0759219088937093,NA
"Vmn2r2","Vmn2r44","3","7",64022699,8369163,64049349,8386332,533,95,35,2851.73214344447,592.157113633991,5.21857103953024e-18,7.26171668491657e-21,10.9147174001445,0.0590219224283305,NA
"Vmn2r7","Vmn2r38","3","7",64592465,9076774,64752186,9100880,690,91,35,4277.17723560526,613.551592366143,3.68527246096143e-15,5.95054233220773e-18,8.74739142109531,0.046916890080429,NA
"Vmn2r1","Vmn2r20","3","6",63988968,123350472,64016905,123395075,776,91,35,4145.95714627201,1465.99682107913,1.38060515375516e-13,2.41047686212765e-16,7.65946651825447,0.0420673076923077,NA
"Vmn1r208","Vmn1r210","13","13",22955644,23010045,22961570,23015518,71,95,34,457.718127135756,640.180635085085,1.04224874382388e-48,4.78874002754619e-52,146.851000903992,0.257575757575758,NA
"Vmn1r61","Vmn1r63","7","7",5604646,5805344,5616294,5808444,219,60,34,1431.97215545478,522.188265905245,2.33642758948666e-38,1.53357198427763e-41,68.309717185173,0.138775510204082,NA
"Vmn2r3","Vmn2r121","3","X",64164636,123034658,64197130,123045649,398,57,34,2914.36323049516,635.577067496199,2.38855627479734e-30,1.8813455220521e-33,38.5038997309678,0.0807600950118765,NA
"Vmn2r89","Vmn2r3","14","3",51689314,64164636,51701629,64197130,62,398,34,1049.31283106109,2914.36323049516,1.1912352163595e-28,1.03210360585653e-31,31.6125207382905,0.07981220657277,NA
"Vmn2r89","Vmn2r7","14","3",51689314,64592465,51701629,64752186,62,690,33,1049.31283106109,4277.17723560526,1.38372029070971e-19,1.81647801237884e-22,15.9134332198626,0.0458970792767733,NA
"Olfr344","Vmn1r58","2","7",36456674,5404680,36466190,5416395,59,214,32,2366.46166887582,2255.93523051906,1.87789348737541e-35,1.33120993906575e-38,62.9430916236657,0.132780082987552,NA
"Vmn2r3","Vmn2r69","3","7",64164636,85043034,64197130,85065128,398,50,32,2914.36323049516,754.83171040194,6.99502691517229e-30,5.60145770092299e-33,46.0250856718783,0.0769230769230769,NA
"Vmn2r6","Vmn2r42","3","7",64438731,8185371,64473251,8203319,434,71,32,3257.21474367726,447.950888426996,3.15142380764087e-22,3.51647531570933e-25,19.2565385495969,0.0676532769556025,NA
"Vmn1r206","Vmn1r207","13","13",22801626,22906887,22808421,22913799,37,64,31,502.676289677813,602.946249949983,1.32468162801068e-62,4.52133510925721e-66,1536.37597146532,0.442857142857143,NA
"Olfr344","Vmn1r63","2","7",36456674,5805344,36466190,5808444,59,60,31,2366.46166887582,522.188265905245,1.71341130228702e-53,6.52291112244323e-57,373.381552531558,0.352272727272727,NA
"Vmn2r31","Vmn2r38","7","7",7381250,9076774,7402702,9100880,50,91,31,620.984712600813,613.551592366143,1.34275179039281e-49,5.99316856665559e-53,265.562346315681,0.281818181818182,NA
"Vmn2r4","Vmn2r69","3","7",64290465,85043034,64322789,85065128,251,50,30,1865.11786005542,754.83171040194,8.61887674722425e-33,6.56236677351142e-36,65.2641691568713,0.11070110701107,NA
"Vmn2r115","Vmn2r7","17","3",23562715,64592465,23581512,64752186,62,690,30,5165.03974750218,4277.17723560526,3.61693975432023e-16,5.50783726503291e-19,13.0524811463373,0.0415512465373961,NA
"Vmn1r169","Vmn1r176","7","7",23274951,23533265,23278274,23536797,30,60,29,157.874926635894,312.96481224648,1.22349505330262e-63,4.01535606130087e-67,8940.00767894415,0.475409836065574,NA
"Vmn2r2","Vmn2r69","3","7",64022699,85043034,64049349,85065128,533,50,29,2851.73214344447,754.83171040194,1.4313712557674e-21,1.6911286103112e-24,25.6277797761476,0.0523465703971119,NA
"Vmn2r2","Vmn2r36","3","7",64022699,7878953,64049349,7905494,533,60,29,2851.73214344447,413.321444202932,1.28211744822816e-18,1.73359190778593e-21,17.3413836101277,0.0514184397163121,NA
"Vmn2r4","Vmn2r49","3","7",64290465,9710172,64322789,9726184,251,96,28,1865.11786005542,542.049990341077,9.7866255894615e-20,1.24619654770238e-22,17.7037363180117,0.0877742946708464,NA
"Vmn2r1","Vmn2r26","3","6",63988968,124001527,64016905,124042765,776,51,28,4145.95714627201,657.324594607915,1.43051223271518e-15,2.27226396973505e-18,14.8252370465093,0.0350438047559449,NA
"Vmn2r1","Vmn2r56","3","7",63988968,12422648,64016905,12468931,776,64,28,4145.95714627201,1793.31509355626,2.62286383756828e-12,4.82042818288647e-15,9.46309141975202,0.0344827586206897,NA
"Vmn1r55","Vmn1r61","7","7",5132290,5604646,5152669,5616294,243,219,28,4883.65067797343,1431.97215545478,2.35027919761822e-10,5.07996662302819e-13,6.46300985482356,0.0645161290322581,NA
"Vmn2r24","Vmn2r25","6","6",123755838,123798605,123801871,123830422,35,33,27,833.399566807129,569.156364792746,1.16351560500591e-63,3.66577065219254e-67,5552.20684238229,0.658536585365854,NA
"Vmn2r81","Vmn2r82","10","10",79083526,79192354,79130369,79233683,38,54,27,238.828991310311,312.219326540881,7.90117138252649e-53,3.2154000322716e-56,865.80889407407,0.415384615384615,NA
"Vmn1r57","Vmn1r59","7","7",5221492,5453207,5224735,5459773,150,34,27,1018.4056525966,473.117375433201,5.34538510981757e-41,3.01737502260759e-44,305.532156288068,0.171974522292994,NA
"Vmn2r31","Vmn2r44","7","7",7381250,8369163,7402702,8386332,50,95,27,620.984712600813,592.157113633991,8.12014596956922e-40,5.01006695769997e-43,167.850435254299,0.228813559322034,NA
"Vmn2r4","Vmn2r121","3","X",64290465,123034658,64322789,123045649,251,57,27,1865.11786005542,635.577067496199,1.39991043301737e-25,1.35992139313282e-28,38.6781928241968,0.096085409252669,NA
"Vmn2r82","Vmn2r1","10","3",79192354,63988968,79233683,64016905,54,776,27,312.219326540881,4145.95714627201,1.28465553844859e-13,2.19236006088948e-16,12.1610618667892,0.0336239103362391,NA
"Vmn1r55","Vmn1r57","7","7",5132290,5221492,5152669,5224735,243,150,27,4883.65067797343,1018.4056525966,1.35279112929865e-13,2.32639726341792e-16,9.69800194197195,0.0737704918032787,NA
"Vmn2r1","Vmn2r59","3","7",63988968,41660708,64016905,41708447,776,66,27,4145.95714627201,2251.14835352104,5.46159987493819e-11,1.11130537257853e-13,8.40922358998983,0.0331288343558282,NA
"Vmn2r108","Vmn2r1","17","3",20676589,63988968,20701593,64016905,72,776,27,928.601321679319,4145.95714627201,5.99169659537128e-10,1.35288255409034e-12,7.28345431427533,0.0328867235079172,NA
"Vmn2r1","Vmn2r44","3","7",63988968,8369163,64016905,8386332,776,95,27,4145.95714627201,592.157113633991,6.61663681613078e-07,1.92828892719627e-09,4.80837176158094,0.0319905213270142,NA
"Vmn2r1","Vmn2r38","3","7",63988968,9076774,64016905,9100880,776,91,26,4145.95714627201,613.551592366143,1.14559399473085e-06,3.39876395202126e-09,4.83911815227004,0.0309155766944114,NA
"Vmn2r4","Vmn2r42","3","7",64290465,8185371,64322789,8203319,251,71,25,1865.11786005542,447.950888426996,1.0075920037748e-19,1.29626150454121e-22,23.0884444925919,0.0841750841750842,NA
"Vmn2r115","Vmn2r2","17","3",23562715,64022699,23581512,64049349,62,533,25,5165.03974750218,2851.73214344447,1.37822382738004e-13,2.38822654397927e-16,12.4216120657843,0.043859649122807,NA
"Vmn2r7","Vmn2r36","3","7",64592465,7878953,64752186,7905494,690,60,25,4277.17723560526,413.321444202932,1.99979575116416e-11,3.83283684716928e-14,9.86832434236344,0.0344827586206897,NA
"Vmn2r25","Vmn2r26","6","6",123798605,124001527,123830422,124042765,33,51,24,569.156364792746,657.324594607915,1.42595472533136e-47,6.73891647132025e-51,976.705568806405,0.4,NA
"Vmn1r217","Vmn1r220","13","13",23289270,23362684,23302396,23372145,62,44,24,486.830571482992,476.290266940997,2.09220182486256e-40,1.23594153170047e-43,306.91259233432,0.292682926829268,NA
"Vmn2r89","Vmn2r5","14","3",51689314,64396030,51701629,64417263,62,57,24,1049.31283106109,638.463744663651,7.51488247379143e-37,5.03123038966818e-40,185.720798508155,0.252631578947368,NA
"Vmn1r60","Vmn1r62","7","7",5542345,5676630,5550316,5679662,89,77,24,927.466313394656,389.366491491669,1.15225507758112e-28,9.83204421901551e-32,67.8481391107197,0.169014084507042,NA
"Olfr344","Vmn1r61","2","7",36456674,5604646,36466190,5616294,59,219,24,2366.46166887582,1431.97215545478,4.93504881864682e-22,5.57149493808583e-25,33.9158871117515,0.094488188976378,NA
"Vmn2r1","Vmn2r58","3","7",63988968,41485238,64016905,41522136,776,46,24,4145.95714627201,390.464815958869,1.65235512559734e-12,2.97170568429474e-15,13.2204484406931,0.0300751879699248,NA
"Vmn2r7","Vmn2r69","3","7",64592465,85043034,64752186,85065128,690,50,24,4277.17723560526,754.83171040194,1.36280610722761e-12,2.43307118492642e-15,12.7443391540485,0.0335195530726257,NA
"Vmn2r107","Vmn2r1","17","3",20565504,63988968,20603375,64016905,54,776,24,790.438125383084,4145.95714627201,1.36416409725293e-10,2.88319706545003e-13,9.68805904346896,0.0297766749379653,NA
"Vmn2r94","Vmn2r1","17","3",18461384,63988968,18498018,64016905,55,776,24,1082.40335699358,4145.95714627201,2.21636131687832e-10,4.74252907282039e-13,9.37448854509279,0.0297397769516729,NA
"Vmn2r6","Vmn2r44","3","7",64438731,8369163,64473251,8386332,434,95,24,3257.21474367726,592.157113633991,6.30845149955514e-10,1.4326849787637e-12,7.7572358882854,0.0475247524752475,NA
"Vmn2r32","Vmn2r49","7","7",7465095,9710172,7483017,9726184,23,96,23,180.534690357331,542.049990341077,5.38451091769985e-45,2.75672030285515e-48,NA,0.239583333333333,NA
"Vmn2r24","Vmn2r26","6","6",123755838,124001527,123801871,124042765,35,51,23,833.399566807129,657.324594607915,9.48680735543884e-44,5.10605835923378e-47,659.490893335525,0.365079365079365,NA
"Vmn2r88","Vmn2r6","14","3",51648277,64438731,51658178,64473251,38,434,23,763.094368778886,3257.21474367726,2.00115369439495e-19,2.6532834899954e-22,35.2507285282941,0.0512249443207127,NA
"Vmn2r3","Vmn2r49","3","7",64164636,9710172,64197130,9726184,398,96,23,2914.36323049516,542.049990341077,1.00812894234416e-09,2.34245461556023e-12,7.93330652994907,0.0488322717622081,NA
"Vmn2r115","Vmn2r6","17","3",23562715,64438731,23581512,64473251,62,434,22,5165.03974750218,3257.21474367726,2.76262273612131e-12,5.11355027558686e-15,12.5960439734853,0.0464135021097046,NA
"Vmn2r2","Vmn2r121","3","X",64022699,123034658,64049349,123045649,533,57,22,2851.73214344447,635.577067496199,2.35133342214968e-11,4.56833315582536e-14,11.4923289216748,0.0387323943661972,NA
"Vmn2r3","Vmn2r42","3","7",64164636,8185371,64197130,8203319,398,71,22,2914.36323049516,447.950888426996,1.15725625647357e-11,2.17243809960776e-14,11.2990446069841,0.0492170022371365,NA
"Vmn2r3","Vmn2r30","3","7",64164636,7313436,64197130,7340608,398,130,22,2914.36323049516,949.929208171945,2.73693408371647e-06,8.51519347092001e-09,5.09679698622356,0.0434782608695652,NA
"Vmn2r88","Vmn2r4","14","3",51648277,64290465,51658178,64322789,38,251,21,763.094368778886,1865.11786005542,2.09350738125128e-21,2.50090805101169e-24,51.7836367644673,0.0783582089552239,NA
"Vmn2r1","Vmn2r25","3","6",63988968,123798605,64016905,123830422,776,33,21,4145.95714627201,569.156364792746,3.66900767119855e-13,6.45409351948916e-16,21.1429713822693,0.0266497461928934,NA
"Vmn2r7","Vmn2r11","3","5",64592465,109191226,64752186,109207435,690,44,21,4277.17723560526,1063.06192658064,7.6878933370406e-11,1.60467212847807e-13,12.5534644557496,0.02945301542777,NA
"Vmn2r7","Vmn2r31","3","7",64592465,7381250,64752186,7402702,690,50,21,4277.17723560526,620.984712600813,1.53188053418806e-09,3.59964576270298e-12,9.95105564093804,0.0292072322670376,NA
"Vmn2r1","Vmn2r31","3","7",63988968,7381250,64016905,7402702,776,50,21,4145.95714627201,620.984712600813,1.36781676189135e-08,3.39368525516521e-11,8.73547151821539,0.0260869565217391,NA
"Vmn2r32","Vmn2r42","7","7",7465095,8185371,7483017,8203319,23,71,20,180.534690357331,447.950888426996,1.79130027225145e-38,1.15224891488554e-41,1267.1312779596,0.27027027027027,NA
"Vmn2r39","Vmn2r50","7","7",9016805,9769763,9033797,9787223,27,41,20,182.088399984978,223.039744934856,1.25213185245068e-41,6.90368853745651e-45,1265.74566601993,0.416666666666667,NA
"Vmn2r3","Vmn2r125","3","4",64164636,156696495,64197130,156708475,398,24,20,2914.36323049516,185.255588311155,5.9140357483434e-22,6.75437290099081e-25,125.811585693563,0.0497512437810945,NA
"Vmn2r7","Vmn2r32","3","7",64592465,7465095,64752186,7483017,690,23,20,4277.17723560526,180.534690357331,5.6337444005521e-18,7.91339333725944e-21,91.6731324589509,0.0288600288600289,NA
"Vmn2r3","Vmn2r129","3","4",64164636,156683398,64197130,156691794,398,26,20,2914.36323049516,204.389084629186,1.10124107640357e-20,1.35891437174354e-23,83.652785400517,0.0495049504950495,NA
"Vmn1r60","Vmn1r63","7","7",5542345,5805344,5550316,5808444,89,60,20,927.466313394656,522.188265905245,3.68913585886365e-24,3.72904144523867e-27,70.6506893112068,0.155038759689922,NA
"Vmn2r96","Vmn2r1","17","3",18793413,63988968,18836265,64016905,35,776,20,242.907620655527,4145.95714627201,3.13562327876182e-11,6.17443147204201e-14,16.07653058357,0.0252844500632111,NA
"Vmn2r97","Vmn2r1","17","3",19134562,63988968,19178349,64016905,38,776,20,789.475415393148,4145.95714627201,2.35027919761822e-10,5.0907906375631e-13,13.3998310407589,0.0251889168765743,NA
"Vmn1r55","Vmn1r60","7","7",5132290,5542345,5152669,5550316,243,89,20,4883.65067797343,927.466313394656,1.30162910348583e-11,2.46054650942501e-14,12.4734696367482,0.0641025641025641,NA
"Vmn2r6","Vmn2r121","3","X",64438731,123034658,64473251,123045649,434,57,20,3257.21474367726,635.577067496199,5.69912997389872e-11,1.16711861469256e-13,12.3257624574491,0.0424628450106157,NA
"Vmn2r7","Vmn2r121","3","X",64592465,123034658,64752186,123045649,690,57,20,4277.17723560526,635.577067496199,2.02234164223375e-07,5.6282349841624e-10,7.41108417793606,0.0275103163686382,NA
"Vmn1r167","Vmn1r175","7","7",23203071,23506607,23206631,23510068,22,29,19,170.170317440355,403.051573767287,8.94019854788159e-46,4.45977138231858e-49,6961.89336930695,0.59375,NA
"Vmn2r50","Vmn2r51","7","7",9769763,9821125,9787223,9839668,41,33,19,223.039744934856,182.445719495741,4.13111778360823e-36,2.82002369181406e-39,592.166843765681,0.345454545454545,NA
"Vmn2r2","Vmn2r32","3","7",64022699,7465095,64049349,7483017,533,23,19,2851.73214344447,180.534690357331,2.90433251431504e-18,4.00329387212612e-21,86.6494178607514,0.0353817504655493,NA
"Vmn2r1","Vmn2r24","3","6",63988968,123755838,64016905,123801871,776,35,19,4145.95714627201,833.399566807129,4.20532386605302e-10,9.37515971455744e-13,14.3104302145683,0.023989898989899,NA
"Vmn2r7","Vmn2r50","3","7",64592465,9769763,64752186,9787223,690,41,19,4277.17723560526,223.039744934856,1.90834646859456e-09,4.55942891834974e-12,11.8403976129949,0.026685393258427,NA
"Vmn2r6","Vmn2r36","3","7",64438731,7878953,64473251,7905494,434,60,19,3257.21474367726,413.321444202932,1.69285150329196e-09,4.00012169965019e-12,10.5364831581219,0.04,NA
"Vmn2r92","Vmn2r1","17","3",18372149,63988968,18409148,64016905,54,776,19,492.689826635189,4145.95714627201,3.24828283135054e-06,1.01616427539998e-08,6.52763913248614,0.0234278668310728,NA
"Vmn2r2","Vmn2r38","3","7",64022699,9076774,64049349,9100880,533,91,19,2851.73214344447,613.551592366143,7.47163051019542e-05,2.64826223187456e-07,4.77931188938895,0.031404958677686,NA
"Vmn2r4","Vmn2r125","3","4",64290465,156696495,64322789,156708475,251,24,18,1865.11786005542,185.255588311155,9.94425677077176e-22,1.16183424254186e-24,123.971816020118,0.0700389105058366,NA
"Vmn2r89","Vmn2r121","14","X",51689314,123034658,51701629,123045649,62,57,18,1049.31283106109,635.577067496199,3.68459258614679e-24,3.67607955979779e-27,102.106907590339,0.178217821782178,NA
"Vmn2r4","Vmn2r129","3","4",64290465,156683398,64322789,156691794,251,26,18,1865.11786005542,204.389084629186,1.05587568627338e-20,1.2890731834623e-23,93.0250031951296,0.0694980694980695,NA
"Vmn2r30","Vmn2r41","7","7",7313436,8139949,7340608,8164653,130,35,18,949.929208171945,202.39377984765,1.33983166864559e-22,1.45985649676517e-25,92.148647146015,0.122448979591837,NA
"Vmn2r2","Vmn2r125","3","4",64022699,156696495,64049349,156708475,533,24,18,2851.73214344447,185.255588311155,6.88449301508617e-16,1.05740086479348e-18,54.5160935571011,0.0333951762523191,NA
"Vmn2r2","Vmn2r129","3","4",64022699,156683398,64049349,156691794,533,26,18,2851.73214344447,204.389084629186,6.76061950023713e-15,1.10937491799207e-17,40.9265089025141,0.033271719038817,NA
"Vmn2r2","Vmn2r73","3","7",64022699,85499881,64049349,85525474,533,27,18,2851.73214344447,655.009472492038,1.91295913081247e-14,3.16415735247809e-17,36.3627042741956,0.033210332103321,NA
"Vmn2r1","Vmn2r60","3","7",63988968,41757194,64016905,41845632,776,31,18,4145.95714627201,1335.84631346496,3.5624569063355e-10,7.8099441209571e-13,16.6685855522482,0.0228136882129278,NA
"Vmn2r88","Vmn2r2","14","3",51648277,64022699,51658178,64049349,38,533,18,763.094368778886,2851.73214344447,6.27080151958721e-11,1.3006545894964e-13,16.3490065925117,0.0325497287522604,NA
"Vmn2r6","Vmn2r69","3","7",64438731,85043034,64473251,85065128,434,50,18,3257.21474367726,754.83171040194,5.40086066972855e-10,1.21238601990598e-12,12.769053627585,0.0386266094420601,NA
"Vmn2r7","Vmn2r79","3","7",64592465,86645323,64752186,86694149,690,42,18,4277.17723560526,1493.46516840818,3.31021912993707e-08,8.52416586435853e-11,10.2657949025588,0.0252100840336134,NA
"Olfr344","Vmn1r57","2","7",36456674,5221492,36466190,5224735,59,150,17,2366.46166887582,1018.4056525966,4.47189101522902e-15,7.27938571057024e-18,29.5369382069223,0.0885416666666667,NA
"Vmn2r7","Vmn2r73","3","7",64592465,85499881,64752186,85525474,690,27,17,4277.17723560526,655.009472492038,3.77479898158966e-11,7.58170872956336e-14,23.2542452008261,0.0242857142857143,NA
"Vmn2r4","Vmn2r36","3","7",64290465,7878953,64322789,7905494,251,60,17,1865.11786005542,413.321444202932,3.13391957398464e-11,6.12993615474312e-14,16.2433603283482,0.0578231292517007,NA
"Vmn2r88","Vmn2r7","14","3",51648277,64592465,51658178,64752186,38,690,17,763.094368778886,4277.17723560526,4.7312326334266e-08,1.24839550425166e-10,11.06715248005,0.0239099859353024,NA
"Vmn2r113","Vmn2r130","17","17",23161958,23280140,23184632,23301338,28,16,16,598.323255142185,135.016132693031,1.27450700177322e-40,7.36167665380459e-44,NA,0.571428571428571,NA
"Vmn2r129","Vmn2r125","4","4",156683398,156696495,156691794,156708475,26,24,16,204.389084629186,185.255588311155,1.34843931447299e-35,9.38186353537445e-39,1987.93166883988,0.470588235294118,NA
"Vmn1r47","Vmn1r49","6","6",89993129,90048875,90004459,90055488,69,31,16,568.45242298524,293.938758267076,1.31006786676637e-24,1.28984312654219e-27,195.236646901615,0.19047619047619,NA
"Vmn1r206","Vmn2r3","13","3",22801626,64164636,22808421,64197130,37,398,16,502.676289677813,2914.36323049516,9.52560947095444e-11,2.00075813294569e-13,18.9245381318359,0.0381861575178998,NA
"Vmn2r81","Vmn2r1","10","3",79083526,63988968,79130369,64016905,38,776,16,238.828991310311,4145.95714627201,2.36819686014621e-06,7.33688378222149e-09,8.72224840319464,0.0200501253132832,NA
"Vmn2r115","Vmn2r3","17","3",23562715,64164636,23581512,64197130,62,398,16,5165.03974750218,2914.36323049516,5.84173485774667e-07,1.68712149325807e-09,8.62114753992176,0.036036036036036,NA
"Vmn1r207","Vmn2r3","13","3",22906887,64164636,22913799,64197130,64,398,16,602.946249949983,2914.36323049516,9.5245617257399e-07,2.80075329049272e-09,8.2607098324493,0.0358744394618834,NA
"Vmn2r6","Vmn2r38","3","7",64438731,9076774,64473251,9100880,434,91,16,3257.21474367726,613.551592366143,0.000457910795069254,1.7372429607096e-06,4.79992108413873,0.031434184675835,NA
"Vmn1r188","Vmn1r221","13","13",22268610,23398297,22280086,23407083,26,49,15,522.299355961771,358.897709608366,1.91474335454518e-26,1.75950476289334e-29,389.002229713552,0.25,NA
"Vmn2r125","Vmn2r121","4","X",156696495,123034658,156708475,123045649,24,57,15,185.255588311155,635.577067496199,4.47080217788885e-26,4.16702051341772e-29,385.336559704685,0.227272727272727,NA
"Vmn2r30","Vmn2r51","7","7",7313436,9821125,7340608,9839668,130,33,15,949.929208171945,182.445719495741,1.49314118980392e-17,2.15613225790841e-20,70.497392861057,0.101351351351351,NA
"Olfr344","Vmn1r60","2","7",36456674,5542345,36466190,5550316,59,89,15,2366.46166887582,927.466313394656,1.07075064642011e-15,1.67269647820827e-18,44.8882040712766,0.112781954887218,NA
"Vmn2r2","Vmn2r8","3","5",64022699,108939709,64049349,108956716,533,30,15,2851.73214344447,311.344538662475,2.27074059831971e-09,5.4550715381814e-12,18.0667555435504,0.0273722627737226,NA
"Vmn2r2","Vmn2r74","3","7",64022699,85593822,64049349,85610837,533,31,15,2851.73214344447,260.821840398855,4.13893290357511e-09,1.00517562901885e-11,16.9379585977485,0.0273224043715847,NA
"Vmn2r7","Vmn2r74","3","7",64592465,85593822,64752186,85610837,690,31,15,4277.17723560526,260.821840398855,1.44736059141185e-07,3.93304508535828e-10,12.7847527151631,0.0212464589235127,NA
"Vmn2r90","Vmn2r1","17","3",17924009,63988968,17955418,64016905,32,776,15,345.473924379777,4145.95714627201,1.18857725030054e-06,3.54189030427197e-09,10.5735159565391,0.0189155107187894,NA
"Vmn2r2","Vmn2r50","3","7",64022699,9769763,64049349,9787223,533,41,15,2851.73214344447,223.039744934856,4.48920442500435e-07,1.28471771246974e-09,10.416104137625,0.0268336314847943,NA
"Vmn2r120","Vmn2r1","17","3",57813453,63988968,57852505,64016905,33,776,15,3496.55624343984,4145.95714627201,1.96216881267384e-06,6.02745618259922e-09,9.98534167624511,0.0188916876574307,NA
"Vmn2r2","Vmn2r11","3","5",64022699,109191226,64049349,109207435,533,44,15,2851.73214344447,1063.06192658064,1.33859321060601e-06,4.00650141800791e-09,9.33644517895155,0.0266903914590747,NA
"Vmn2r93","Vmn2r1","17","3",18518361,63988968,18552176,64016905,35,776,15,434.299733838166,4145.95714627201,5.01602712347881e-06,1.62644231713304e-08,8.98493280401664,0.0188442211055276,NA
"Vmn2r2","Vmn2r31","3","7",64022699,7381250,64049349,7402702,533,50,15,2851.73214344447,620.984712600813,8.88520771878644e-06,2.90434877386293e-08,7.73256860002272,0.0264084507042254,NA
"Vmn2r1","Vmn2r54","3","7",63988968,12347766,64016905,12374246,776,46,15,4145.95714627201,271.070013972868,0.000307876133090138,1.13165980446911e-06,5.79030909602712,0.0185873605947955,NA
"Vmn2r41","Vmn2r48","7","7",8139949,9661551,8164653,9687512,35,17,14,202.39377984765,102.41761972955,2.00191180828956e-30,1.55052505630492e-33,2126.79995237825,0.368421052631579,NA
"Vmn1r184","Vmn1r185","7","7",25959759,26307061,25970044,26317889,153,16,14,1776.35642529937,307.556221190465,2.29004134616842e-21,2.76575041807781e-24,489.670327649383,0.0903225806451613,NA
"Vmn2r96","Vmn2r97","17","17",18793413,19134562,18836265,19178349,35,38,14,242.907620655527,789.475415393148,2.0392884604182e-23,2.11488905131587e-26,270.285443554401,0.23728813559322,NA
"Vmn2r88","Vmn2r5","14","3",51648277,64396030,51658178,64417263,38,57,14,763.094368778886,638.463744663651,5.29479035435941e-20,6.67270366018829e-23,132.060053137379,0.172839506172839,NA
"Vmn2r2","Vmn2r72","3","7",64022699,85385148,64049349,85404305,533,19,14,2851.73214344447,163.712741357038,6.92189257583365e-12,1.29031288826977e-14,50.4780744963777,0.0260223048327138,NA
"Vmn2r6","Vmn2r32","3","7",64438731,7465095,64473251,7483017,434,23,14,3257.21474367726,180.534690357331,2.2725608807996e-11,4.38545538591606e-14,35.002803441479,0.0316027088036117,NA
"Vmn2r6","Vmn2r129","3","4",64438731,156683398,64473251,156691794,434,26,14,3257.21474367726,204.389084629186,2.15922094495067e-10,4.59191599824104e-13,26.2767312313636,0.031390134529148,NA
"Vmn2r112","Vmn1r55","17","7",22819932,5132290,22839823,5152669,37,243,14,1146.80054915603,4883.65067797343,3.59164231051403e-11,7.16668808021073e-14,25.6112545769042,0.0526315789473684,NA
"Vmn2r6","Vmn2r73","3","7",64438731,85499881,64473251,85525474,434,27,14,3257.21474367726,655.009472492038,4.15339248467486e-10,9.15997082316447e-13,24.2543390621269,0.0313199105145414,NA
"Vmn2r7","Vmn2r129","3","4",64592465,156683398,64752186,156691794,690,26,14,4277.17723560526,204.389084629186,8.97792483093418e-08,2.41608195539475e-10,15.8881832143938,0.0199430199430199,NA
"Vmn2r88","Vmn2r3","14","3",51648277,64164636,51658178,64197130,38,398,14,763.094368778886,2914.36323049516,3.46164575318601e-08,8.99766145676892e-11,14.4135710887435,0.033175355450237,NA
"Vmn2r7","Vmn2r9","3","5",64592465,108983139,64752186,109000467,690,29,14,4277.17723560526,304.517006987809,5.5428220406604e-07,1.59351767867127e-09,12.7105170109785,0.0198581560283688,NA
"Vmn2r1","Vmn2r18","3","5",63988968,151484655,64016905,151529486,776,30,14,4145.95714627201,239.374047869465,4.03040355678842e-06,1.28040020576402e-08,10.4728488558462,0.0176767676767677,NA
"Olfr1247","Vmn1r56","2","7",89435303,5197915,89444474,5199746,15,54,13,1246.94508322655,309.698666487882,8.54460167079535e-26,8.07618305368181e-29,1534.00568987443,0.232142857142857,NA
"Olfr1247","Vmn1r57","2","7",89435303,5221492,89444474,5224735,15,150,13,1246.94508322655,1018.4056525966,1.00790964331944e-19,1.30990147406827e-22,462.024358363496,0.0855263157894737,NA
"Vmn1r9","Vmn1r10","6","6",57043772,57086439,57051891,57092020,65,19,13,738.78430917995,129.142886972887,2.74434303349326e-22,3.02621317492955e-25,403.829488968459,0.183098591549296,NA
"Vmn2r58","Vmn2r76","7","7",41485238,85851232,41522136,85895516,46,32,13,390.464815958869,5473.5891701993,1.86922086183341e-20,2.33112767635704e-23,202.078947337966,0.2,NA
"Vmn2r112","Olfr344","17","2",22819932,36456674,22839823,36466190,37,59,13,1146.80054915603,2366.46166887582,6.41187276958177e-18,9.09055685668493e-21,115.007426103486,0.156626506024096,NA
"Vmn2r5","Vmn2r121","3","X",64396030,123034658,64417263,123045649,57,57,13,638.463744663651,635.577067496199,2.18183577019973e-15,3.49432844943771e-18,65.6446618847119,0.128712871287129,NA
"Vmn2r30","Vmn2r50","7","7",7313436,9769763,7340608,9787223,130,41,13,949.929208171945,223.039744934856,1.33560614066148e-12,2.36697685608722e-15,38.6328082360768,0.0822784810126582,NA
"Vmn2r3","Vmn2r74","3","7",64164636,85593822,64197130,85610837,398,31,13,2914.36323049516,260.821840398855,2.43820374831461e-08,6.16872674928373e-11,17.8051882250023,0.03125,NA
"Vmn2r6","Vmn2r74","3","7",64438731,85593822,64473251,85610837,434,31,13,3257.21474367726,260.821840398855,6.81187180989758e-08,1.81528299911942e-10,16.222411711679,0.0287610619469027,NA
"Vmn2r2","Vmn2r9","3","5",64022699,108983139,64049349,109000467,533,29,13,2851.73214344447,304.517006987809,2.92436934711997e-07,8.29216260998102e-10,14.6269950143965,0.0236794171220401,NA
"Vmn2r6","Vmn2r51","3","7",64438731,9821125,64473251,9839668,434,33,13,3257.21474367726,182.445719495741,1.70483913285634e-07,4.65509530080497e-10,14.593250579558,0.0286343612334802,NA
"Vmn2r2","Vmn2r51","3","7",64022699,9821125,64049349,9839668,533,33,13,2851.73214344447,182.445719495741,1.87598550486348e-06,5.73808840885831e-09,11.6970313175686,0.0235081374321881,NA
"Vmn2r6","Vmn2r50","3","7",64438731,9769763,64473251,9787223,434,41,13,3257.21474367726,223.039744934856,3.29442058993135e-06,1.03793969437031e-08,10.4202090390982,0.0281385281385281,NA
"Vmn2r7","Vmn2r8","3","5",64592465,108939709,64752186,108956716,690,30,13,4277.17723560526,311.344538662475,9.66547559311555e-06,3.17208687549738e-08,10.3975963339317,0.0183875530410184,NA
"Vmn2r6","Vmn2r79","3","7",64438731,86645323,64473251,86694149,434,42,13,3257.21474367726,1493.46516840818,4.49005617656e-06,1.44410806980834e-08,10.0600589423926,0.0280777537796976,NA
"Vmn2r1","Vmn2r65","3","7",63988968,84584773,64016905,84613323,776,36,13,4145.95714627201,839.220633125022,0.000419125255987668,1.5845945405961e-06,6.75176907592946,0.016270337922403,NA
"Vmn2r7","Vmn2r77","3","7",64592465,86444235,64752186,86464348,690,43,13,4277.17723560526,307.797973238827,0.00106562474692095,4.15472786488555e-06,5.88361022277908,0.0180555555555556,NA
"Vmn2r1","Vmn2r77","3","7",63988968,86444235,64016905,86464348,776,43,13,4145.95714627201,307.797973238827,0.00367215431172538,1.49921233846171e-05,5.17337986650579,0.0161290322580645,NA
"Vmn2r89","Vmn2r125","14","4",51689314,156696495,51701629,156708475,62,24,12,1049.31283106109,185.255588311155,2.15583861061192e-18,2.94327892648131e-21,196.058842753143,0.162162162162162,NA
"Vmn2r59","Vmn2r60","7","7",41660708,41757194,41708447,41845632,66,31,12,2251.14835352104,1335.84631346496,2.22812807270308e-16,3.36371991652034e-19,113.993092994896,0.141176470588235,NA
"Vmn2r7","Vmn2r34","3","7",64592465,7673803,64752186,7692512,690,15,12,4277.17723560526,142.931235611993,1.85303109322955e-09,4.40294355012798e-12,54.4398239558535,0.0173160173160173,NA
"Vmn1r34","Vmn1r35","6","6",66612920,66655054,66620863,66662890,45,121,12,527.145819215762,894.807902512062,6.21281768843103e-11,1.28047203460889e-13,32.5040722067527,0.0779220779220779,NA
"Vmn2r6","Vmn2r78","3","7",64438731,86564302,64473251,86604520,434,21,12,3257.21474367726,215.134792948676,3.6148418410661e-09,8.73150203156064e-12,29.8951665393991,0.0270880361173815,NA
"Vmn2r53","Vmn2r54","7","7",12296778,12347766,12342715,12374246,155,46,12,6308.86126992893,271.070013972868,1.45866835050917e-09,3.40846154156994e-12,23.9604585525449,0.0634920634920635,NA
"Vmn1r213","Vmn2r3","13","3",23191826,64164636,23198652,64197130,25,398,12,610.573861405213,2914.36323049516,1.92586260146372e-08,4.80353253358153e-11,22.7066976693004,0.0291970802919708,NA
"Vmn2r6","Vmn2r125","3","4",64438731,156696495,64473251,156708475,434,24,12,3257.21474367726,185.255588311155,2.79706626283431e-08,7.12338341459063e-11,22.4184729425481,0.0269058295964126,NA
"Vmn2r7","Vmn2r125","3","4",64592465,156696495,64752186,156708475,690,24,12,4277.17723560526,185.255588311155,4.50944684459515e-06,1.45626434017329e-08,13.5822669789278,0.0170940170940171,NA
"Vmn2r1","Vmn2r39","3","7",63988968,9016805,64016905,9033797,776,27,12,4145.95714627201,182.088399984978,7.85450640507546e-05,2.80459165902715e-07,9.55148374356718,0.0151706700379267,NA
"Vmn2r2","Vmn2r41","3","7",64022699,8139949,64049349,8164653,533,35,12,2851.73214344447,202.39377984765,3.93845671277385e-05,1.37527500209757e-07,9.36938012580339,0.0215827338129496,NA
"Vmn2r6","Vmn2r11","3","5",64438731,109191226,64473251,109207435,434,44,12,3257.21474367726,1063.06192658064,7.07269355827066e-05,2.49757740912467e-07,8.3946593217567,0.0257510729613734,NA
"Vmn2r7","Vmn2r51","3","7",64592465,9821125,64752186,9839668,690,33,12,4277.17723560526,182.445719495741,0.000291938409281819,1.0654126992799e-06,7.75555578424747,0.0168776371308017,NA
"Vmn2r2","Vmn2r79","3","7",64022699,86645323,64049349,86694149,533,42,12,2851.73214344447,1493.46516840818,0.000343376661080302,1.28919508859702e-06,7.17979729464764,0.0213143872113677,NA
"Vmn2r3","Vmn1r28","3","6",64164636,58239022,64197130,58252624,398,81,12,2914.36323049516,795.54276414079,0.0191769414597675,8.50898736268827e-05,4.25651178998838,0.0256959314775161,NA
"Olfr1459","Vmn2r26","19","6",13115385,124001527,13126913,124042765,11,51,11,578.719491470828,657.324594607915,2.0392884604182e-23,2.09520246560006e-26,NA,0.215686274509804,NA
"Vmn2r9","Vmn2r11","5","5",108983139,109191226,109000467,109207435,29,44,11,304.517006987809,1063.06192658064,7.5814817099817e-17,1.10473701665612e-19,180.153824832503,0.17741935483871,NA
"Vmn2r4","Vmn2r32","3","7",64290465,7465095,64322789,7483017,251,23,11,1865.11786005542,180.534690357331,9.82703247192787e-10,2.27047589143471e-12,36.7841872805345,0.0418250950570342,NA
"Vmn2r3","Vmn2r32","3","7",64164636,7465095,64197130,7483017,398,23,11,2914.36323049516,180.534690357331,1.22876072591101e-07,3.32289316238274e-10,22.49329599979,0.0268292682926829,NA
"Vmn2r95","Vmn2r1","17","3",18644340,63988968,18681167,64016905,17,776,11,641.496381898506,4145.95714627201,1.65758057624085e-06,5.02653215069887e-09,21.8710913155643,0.0140664961636829,NA
"Vmn2r3","Vmn2r28","3","7",64164636,5480254,64197130,5496955,398,24,11,2914.36323049516,293.944572782512,2.11552665235568e-07,5.91534311268325e-10,20.7622183042764,0.0267639902676399,NA
"Vmn2r104","Vmn2r1","17","3",20248680,63988968,20268598,64016905,20,776,11,420.116291215016,4145.95714627201,1.63617876769499e-05,5.47712646715794e-08,14.5838279165173,0.0140127388535032,NA
"Vmn2r113","Vmn2r2","17","3",23161958,64022699,23184632,64049349,28,533,11,598.323255142185,2851.73214344447,2.66176106214133e-05,9.08498577185396e-08,11.6032495814584,0.02,NA
"Vmn2r113","Vmn2r7","17","3",23161958,64592465,23184632,64752186,28,690,11,598.323255142185,4277.17723560526,0.000329351793004517,1.22789210792484e-06,8.77099507134328,0.0155586987270156,NA
"Vmn2r6","Vmn2r31","3","7",64438731,7381250,64473251,7402702,434,50,11,3257.21474367726,620.984712600813,0.00196810606253944,7.90590809621231e-06,6.29373210733576,0.0232558139534884,NA
"Vmn2r1","Vmn2r76","3","7",63988968,85851232,64016905,85895516,776,32,11,4145.95714627201,5473.5891701993,0.0042294910365088,1.75451476519741e-05,6.24130274815592,0.013801756587202,NA
"Vmn2r110","Vmn2r1","17","3",20788022,63988968,20816685,64016905,33,776,11,275.12024275009,4145.95714627201,0.00580794077500204,2.44742305814909e-05,5.9576778432832,0.0137844611528822,NA
"Vmn2r3","Vmn2r36","3","7",64164636,7878953,64197130,7905494,398,60,11,2914.36323049516,413.321444202932,0.0052421218897983,2.20210959453825e-05,5.49111702263563,0.0246085011185682,NA
"Vmn2r1","Vmn2r50","3","7",63988968,9769763,64016905,9787223,776,41,11,4145.95714627201,223.039744934856,0.0478974875677675,0.000223843540933171,4.36591106974004,0.0136476426799007,NA
"Vmn2r41","Vmn2r40","7","7",8139949,8909771,8164653,8934434,35,10,10,202.39377984765,98.6948442521097,6.8405070343433e-23,7.27369604313442e-26,NA,0.285714285714286,NA
"Vmn2r29","Vmn2r44","7","7",7234326,8369163,7250327,8386332,12,95,10,112.650023988382,592.157113633991,1.753665965035e-16,2.60140010041161e-19,572.851301169257,0.103092783505155,NA
"Vmn1r91","Vmn1r122","7","7",19833605,20867136,19837026,20868053,205,11,10,984.311008477594,29.1190808287658,7.36250522255734e-14,1.23713593321694e-16,495.763696339799,0.0485436893203883,NA
"Vmn2r114","Vmn2r115","17","17",23504366,23562715,23531511,23581512,26,62,10,3652.8243787874,5165.03974750218,1.23774662146676e-13,2.09605799949081e-16,117.751325284564,0.128205128205128,NA
"Vmn2r4","Vmn2r73","3","7",64290465,85499881,64322789,85525474,251,27,10,1865.11786005542,655.009472492038,1.88259369308174e-07,5.21459868252793e-10,23.530578329837,0.0373134328358209,NA
"Vmn2r6","Vmn2r8","3","5",64438731,108939709,64473251,108956716,434,30,10,3257.21474367726,311.344538662475,8.85722131232649e-05,3.17425622015482e-07,11.1476952704338,0.0220264317180617,NA
"Vmn2r7","Vmn2r17","3","5",64592465,109567554,64752186,109606325,690,23,10,4277.17723560526,1061.46950635067,0.000331860305113818,1.24160085797939e-06,10.4174885262279,0.0142247510668563,NA
"Vmn2r102","Vmn2r1","17","3",19880590,63988968,19929795,64016905,28,776,10,1009.55237515999,4145.95714627201,0.00686509739081211,2.90191314829014e-05,6.61402916419585,0.0125944584382872,NA
"Vmn1r217","Vmn2r3","13","3",23289270,64164636,23302396,64197130,62,398,10,486.830571482992,2914.36323049516,0.0351354226127908,0.000160511539976518,4.69068257825825,0.0222222222222222,NA
"Vmn1r168","Vmn1r177","7","7",23239157,23564945,23246873,23565874,47,9,9,909.44820789516,29.5850636249,3.99502269016253e-19,5.34935300352576e-22,NA,0.191489361702128,NA
"Vmn2r30","Vmn2r40","7","7",7313436,8909771,7340608,8934434,130,10,9,949.929208171945,98.6948442521097,5.12722941959393e-14,8.54807467297349e-17,723.006247613428,0.0687022900763359,NA
"Vmn2r7","Vmn2r29","3","7",64592465,7234326,64752186,7250327,690,12,9,4277.17723560526,112.650023988382,2.14323753541479e-06,6.61180451615305e-09,40.5809727326388,0.012987012987013,NA
"Vmn2r2","Vmn2r34","3","7",64022699,7673803,64049349,7692512,533,15,9,2851.73214344447,142.931235611993,4.1103903766749e-06,1.31120676004516e-08,26.8049529861088,0.0166975881261596,NA
"Vmn2r130","Vmn2r2","17","3",23280140,64022699,23301338,64049349,16,533,9,135.016132693031,2851.73214344447,8.76869788513158e-06,2.85475356478764e-08,22.9845149326734,0.0166666666666667,NA
"Vmn2r130","Vmn2r7","17","3",23280140,64592465,23301338,64752186,16,690,9,135.016132693031,4277.17723560526,7.49113304370873e-05,2.66500873614402e-07,17.3916167065487,0.0129124820659971,NA
"Vmn2r7","Vmn2r72","3","7",64592465,85385148,64752186,85404305,690,19,9,4277.17723560526,163.712741357038,0.000467172774260929,1.77851428974571e-06,12.1734350680455,0.0128571428571429,NA
"Vmn2r2","Vmn2r17","3","5",64022699,109567554,64049349,109606325,533,23,9,2851.73214344447,1061.46950635067,0.000385302291611489,1.45166138537725e-06,11.4876380612724,0.0164533820840951,NA
"Vmn2r6","Vmn2r9","3","5",64438731,108983139,64473251,109000467,434,29,9,3257.21474367726,304.517006987809,0.000647912432623232,2.48359628132199e-06,10.013247358447,0.0198237885462555,NA
"Vmn2r114","Vmn2r7","17","3",23504366,64592465,23531511,64752186,26,690,9,3652.8243787874,4277.17723560526,0.0089956953821983,3.8615737108523e-05,7.15682554446895,0.0127298444130127,NA
"Vmn2r112","Vmn2r2","17","3",22819932,64022699,22839823,64049349,37,533,9,1146.80054915603,2851.73214344447,0.02503186882693,0.000112383153996142,5.73692889659466,0.0160427807486631,NA
"Vmn2r55","Vmn2r56","7","7",12385633,12422648,12418930,12468931,8,64,8,214.131110364349,1793.31509355626,1.21442048034118e-15,1.91307574092814e-18,NA,0.125,NA
"Vmn1r189","Vmn1r221","13","13",22283932,23398297,22289994,23407083,29,49,8,248.805490796437,358.897709608366,3.55323854742734e-10,7.74308967224504e-13,90.9253328593118,0.114285714285714,NA
"Vmn2r30","Vmn2r48","7","7",7313436,9661551,7340608,9687512,130,17,8,949.929208171945,102.41761972955,6.29645034800076e-09,1.54567871124257e-11,70.9615023258755,0.0575539568345324,NA
"Vmn1r17","Vmn1r18","6","6",57336224,57353645,57340712,57372768,45,51,8,302.784154780837,1295.26694183901,2.05055712751082e-08,5.14146727781147e-11,49.188911305853,0.0909090909090909,NA
"Vmn2r88","Vmn2r89","14","14",51648277,51689314,51658178,51701629,38,62,8,763.094368778886,1049.31283106109,2.43820374831461e-08,6.17744858518063e-11,48.3712158231142,0.0869565217391304,NA
"Vmn1r199","Vmn1r207","13","13",22563988,22906887,22572272,22913799,57,64,8,507.891354670649,602.946249949983,8.43574690687256e-07,2.46950687911229e-09,28.5281282958286,0.0707964601769911,NA
"Olfr124","Vmn2r99","17","17",38110779,19582211,38119508,19621360,88,46,8,556.24367486335,1048.17373995671,1.8103407733634e-06,5.5135352265846e-09,25.7060298145329,0.0634920634920635,NA
"Vmn2r6","Vmn2r34","3","7",64438731,7673803,64473251,7692512,434,15,8,3257.21474367726,142.931235611993,1.8367528699837e-05,6.19677441170199e-08,25.3919496082039,0.018140589569161,NA
"Vmn1r211","Vmn2r3","13","3",23031596,64164636,23041731,64197130,22,398,8,145.431989751341,2914.36323049516,0.000329351793004517,1.22279032267649e-06,13.9093590987894,0.0194174757281553,NA
"Vmn2r86","Vmn2r7","10","3",130277431,64592465,130291919,64752186,17,690,8,300.442072167316,4277.17723560526,0.00182220339581968,7.29589418878651e-06,12.00690203284,0.011444921316166,NA
"Vmn2r2","Vmn2r78","3","7",64022699,86564302,64049349,86604520,533,21,8,2851.73214344447,215.134792948676,0.00180769655069243,7.21407991244615e-06,10.9772181227707,0.0146520146520147,NA
"Vmn2r114","Vmn2r3","17","3",23504366,64164636,23531511,64197130,26,398,8,3652.8243787874,2914.36323049516,0.00131230361726308,5.18540470484389e-06,10.8167983750917,0.0192307692307692,NA
"Vmn2r7","Vmn2r66","3","7",64592465,84634574,64752186,84661476,690,18,8,4277.17723560526,257.73143076644,0.00303098636156538,1.23346693457948e-05,10.805679781318,0.0114285714285714,NA
"Vmn2r1","Vmn2r63","3","7",63988968,42546135,64016905,42583246,776,17,8,4145.95714627201,705.817115357921,0.00421346652092343,1.74233610860492e-05,10.5640138377676,0.0101910828025478,NA
"Vmn2r114","Vmn2r6","17","3",23504366,64438731,23531511,64473251,26,434,8,3652.8243787874,3257.21474367726,0.00242140265433436,9.82216735178162e-06,9.86860264422814,0.0176991150442478,NA
"Vmn2r113","Vmn2r6","17","3",23161958,64438731,23184632,64473251,28,434,8,598.323255142185,3257.21474367726,0.00434650158169816,1.80875997873125e-05,8.88081294359701,0.0176211453744493,NA
"Vmn2r2","Vmn2r15","3","5",64022699,109433536,64049349,109445510,533,25,8,2851.73214344447,186.942157893768,0.00746809262532819,3.16660617252285e-05,8.39285072006665,0.0145454545454545,NA
"Vmn2r7","Vmn2r78","3","7",64592465,86564302,64752186,86604520,690,21,8,4277.17723560526,215.134792948676,0.0110078602952884,4.75423497840514e-05,8.3104278690948,0.0113798008534851,NA
"Vmn2r114","Vmn2r2","17","3",23504366,64022699,23531511,64049349,26,533,8,3652.8243787874,2851.73214344447,0.0101273724836149,4.36066238004842e-05,7.92628801634019,0.014519056261343,NA
"Vmn2r7","Vmn2r15","3","5",64592465,109433536,64752186,109445510,690,25,8,4277.17723560526,186.942157893768,0.0423673945661188,0.000196886915516777,6.35252235871756,0.0113154172560113,NA
"Vmn2r115","Vmn2r4","17","3",23562715,64290465,23581512,64322789,62,251,8,5165.03974750218,1865.11786005542,0.0342925802093363,0.000156210950071409,5.85755682168974,0.0262295081967213,NA
"Olfr63","Vmn1r69","17","7",33483650,10312857,33494618,10347586,7,30,7,1816.35891831538,142.62936070873,7.03654489906801e-16,1.08999198972121e-18,NA,0.233333333333333,NA
"Vmn2r98","Vmn2r104","17","17",19273722,20248680,19302673,20268598,21,20,7,138.150524732985,420.116291215016,2.60270018620224e-12,4.74920350086787e-15,372.753314655307,0.205882352941176,NA
"Vmn2r95","Vmn2r96","17","17",18644340,18793413,18681167,18836265,17,35,7,641.496381898506,242.907620655527,3.44598254066616e-11,6.83080450063787e-14,242.841543125819,0.155555555555556,NA
"Vmn2r1","Vmn2r55","3","7",63988968,12385633,64016905,12418930,776,8,7,4145.95714627201,214.131110364349,3.75516811930709e-05,1.30634261659365e-07,82.9568077811511,0.00900900900900901,NA
"Vmn2r129","Vmn2r121","4","X",156683398,123034658,156691794,123045649,26,57,7,204.389084629186,635.577067496199,3.31021912993707e-08,8.56061185409576e-11,72.167905133037,0.0921052631578947,NA
"Vmn2r5","Vmn2r129","3","4",64396030,156683398,64417263,156691794,57,26,7,638.463744663651,204.389084629186,3.31021912993707e-08,8.56061185409582e-11,72.167905132995,0.0921052631578947,NA
"Vmn2r89","Vmn2r129","14","4",51689314,156683398,51701629,156691794,62,26,7,1049.31283106109,204.389084629186,5.95471102399318e-08,1.57904277836408e-10,65.6065263605034,0.0864197530864197,NA
"Vmn2r2","Vmn2r40","3","7",64022699,8909771,64049349,8934434,533,10,7,2851.73214344447,98.6948442521097,3.74667589401957e-05,1.29846990656003e-07,41.5589168401741,0.0130597014925373,NA
"Vmn2r7","Vmn2r40","3","7",64592465,8909771,64752186,8934434,690,10,7,4277.17723560526,98.6948442521097,0.000211664058006663,7.64120142194817e-07,31.4971243886628,0.0101010101010101,NA
"Olfr1459","Vmn2r1","19","3",13115385,63988968,13126913,64016905,11,776,7,578.719491470828,4145.95714627201,0.00111603274058963,4.3659125800214e-06,20.775318160061,0.00897435897435897,NA
"Vmn2r112","Vmn1r57","17","7",22819932,5221492,22839823,5224735,37,150,7,1146.80054915603,1018.4056525966,0.000302546946562979,1.1080996388767e-06,15.8711052331773,0.0388888888888889,NA
"Vmn2r2","Vmn2r48","3","7",64022699,9661551,64049349,9687512,533,17,7,2851.73214344447,102.41761972955,0.00368842298353259,1.51069624404296e-05,12.4620590498505,0.0128913443830571,NA
"Vmn2r4","Vmn2r74","3","7",64290465,85593822,64322789,85610837,251,31,7,1865.11786005542,260.821840398855,0.00237461772625555,9.57004360901665e-06,11.5161010876926,0.0254545454545455,NA
"Vmn2r2","Vmn2r10","3","5",64022699,109137929,64049349,109154393,533,21,7,2851.73214344447,228.01656457907,0.0169579806438758,7.47989064317145e-05,8.90268290400314,0.0127970749542962,NA
"Vmn1r55","Vmn1r64","7","7",5132290,5886579,5152669,5887541,243,6,6,4883.65067797343,139.097229317068,7.60655333192044e-08,2.03704169254328e-10,NA,0.0246913580246914,NA
"Vmn2r60","Vmn2r61","7","7",41757194,41909477,41845632,41950179,31,7,6,1335.84631346496,28.7631481931698,2.15203008847418e-12,3.89860523274308e-15,2305.47332778632,0.1875,NA
"Vmn1r91","Vmn1r139","7","7",19833605,21768482,19837026,21797332,205,7,6,984.311008477594,62.0861998196987,1.81129890319293e-07,4.99334133677949e-10,292.200791860635,0.029126213592233,NA
"Vmn1r91","Vmn1r258","7","7",19833605,22683139,19837026,22684098,205,7,6,984.311008477594,45.3768589606939,1.81129890319293e-07,4.99334133677949e-10,292.200791860635,0.029126213592233,NA
"Vmn2r4","Vmn2r45","3","7",64290465,8472562,64322789,8492074,251,7,6,1865.11786005542,108.456261468079,5.85456879162586e-07,1.69851357770074e-09,236.21711601154,0.0238095238095238,NA
"Vmn2r69","Vmn2r71","7","7",85043034,85212295,85065128,85273888,50,12,6,754.83171040194,97.0821096648764,4.45546474697564e-09,1.08789703179147e-11,221.076952813412,0.107142857142857,NA
"Vmn2r124","Vmn2r91","17","17",18269686,18305278,18299994,18357030,105,9,6,1323.06127732104,34.0020154187158,3.80383636353876e-08,9.98696797820509e-11,196.739136840272,0.0555555555555556,NA
"Vmn2r95","Vmn2r97","17","17",18644340,19134562,18681167,19178349,17,38,6,641.496381898506,789.475415393148,1.0179423552953e-08,2.5122500892081e-11,167.233856006495,0.122448979591837,NA
"Vmn2r6","Vmn2r45","3","7",64438731,8472562,64473251,8492074,434,7,6,3257.21474367726,108.456261468079,1.37385680508266e-05,4.58096550739073e-08,132.721407929102,0.0137931034482759,NA
"Vmn2r94","Vmn2r104","17","17",18461384,20248680,18498018,20268598,55,20,6,1082.40335699358,420.116291215016,2.84376698712743e-07,8.02627995999261e-10,85.5429356525156,0.0869565217391304,NA
"Vmn2r8","Vmn2r11","5","5",108939709,109191226,108956716,109207435,30,44,6,311.344538662475,1063.06192658064,9.94015867482873e-07,2.936010950741e-09,64.5050129260652,0.0882352941176471,NA
"Vmn2r58","Vmn2r60","7","7",41485238,41757194,41522136,41845632,46,31,6,390.464815958869,1335.84631346496,1.58782292991235e-06,4.79415135843102e-09,58.8386862252282,0.0845070422535211,NA
"Vmn2r59","Vmn1r69","7","7",41660708,10312857,41708447,10347586,66,30,6,2251.14835352104,142.62936070873,1.09119136078789e-05,3.60980128805069e-08,40.8080448740194,0.0666666666666667,NA
"Vmn2r6","Vmn2r40","3","7",64438731,8909771,64473251,8934434,434,10,6,3257.21474367726,98.6948442521097,0.000329351793004517,1.22746314927652e-06,33.1443146007885,0.0136986301369863,NA
"Vmn2r6","Vmn2r71","3","7",64438731,85212295,64473251,85273888,434,12,6,3257.21474367726,97.0821096648764,0.00127630881026089,5.00966622385013e-06,22.1182813550102,0.0136363636363636,NA
"Vmn2r4","Vmn2r72","3","7",64290465,85385148,64322789,85404305,251,19,6,1865.11786005542,163.712741357038,0.00129362874793284,5.0946311749088e-06,18.1644004924012,0.0227272727272727,NA
"Vmn2r1","Vmn2r62","3","7",63988968,42413479,64016905,42442949,776,10,6,4145.95714627201,77.3871073161308,0.00843008911620591,3.59664325084925e-05,17.7844087838034,0.00769230769230769,NA
"Vmn2r2","Vmn2r71","3","7",64022699,85212295,64049349,85273888,533,12,6,2851.73214344447,97.0821096648764,0.00397892450176969,1.64012588420983e-05,17.7765727490203,0.0111317254174397,NA
"Vmn2r2","Vmn2r29","3","7",64022699,7234326,64049349,7250327,533,12,6,2851.73214344447,112.650023988382,0.00397892450176969,1.64012588420983e-05,17.7765727490203,0.0111317254174397,NA
"Vmn2r7","Vmn2r71","3","7",64592465,85212295,64752186,85273888,690,12,6,4277.17723560526,97.0821096648764,0.016220575712867,7.13333971829769e-05,13.4719388405051,0.00862068965517241,NA
"Vmn2r130","Vmn2r6","17","3",23280140,64438731,23301338,64473251,16,434,6,135.016132693031,3257.21474367726,0.00873185516440851,3.73685253045208e-05,13.2686178561959,0.0135135135135135,NA
"Vmn2r86","Vmn2r3","10","3",130277431,64164636,130291919,64197130,17,398,6,300.442072167316,2914.36323049516,0.00803284934204804,3.41661834019057e-05,13.2170479503973,0.0146699266503667,NA
"Vmn2r2","Vmn2r68","3","7",64022699,84870346,64049349,84886991,533,15,6,2851.73214344447,118.515753723896,0.0174754185272427,7.73106495967336e-05,11.85141073167,0.011070110701107,NA
"Vmn2r7","Vmn2r13","3","5",64592465,109300806,64752186,109340065,690,13,6,4277.17723560526,233.432907911032,0.02769408839097,0.000124699016988326,11.5469728022323,0.00860832137733142,NA
"Vmn2r3","Vmn2r72","3","7",64164636,85385148,64197130,85404305,398,19,6,2914.36323049516,163.712741357038,0.0159531793656679,6.99480401718795e-05,11.1841257849484,0.0145985401459854,NA
"Vmn2r43","Vmn2r39","7","7",8247347,9016805,8263598,9033797,5,27,5,34.2810964963711,182.088399984978,5.00092188889583e-11,1.01100342744428e-13,NA,0.185185185185185,NA
"Vmn2r43","Vmn2r50","7","7",8247347,9769763,8263598,9787223,5,41,5,34.2810964963711,223.039744934856,4.20532386605302e-10,9.3849120094126e-13,NA,0.121951219512195,NA
"Olfr1278","Vmn2r53","2","7",111120481,12296778,111129231,12342715,5,155,5,1154.52496323627,6308.86126992893,3.07085453592249e-07,8.74783966466053e-10,NA,0.032258064516129,NA
"Olfr1278","Vmn2r1","2","3",111120481,63988968,111129231,64016905,5,776,5,1154.52496323627,4145.95714627201,0.000753682014944367,2.89892919526753e-06,NA,0.00644329896907216,NA
"Vmn2r12","Vmn2r13","5","5",109231690,109300806,109245816,109340065,7,13,5,53.1806184333297,233.432907911032,1.77574770675857e-11,3.38011207571929e-14,2768.2997983517,0.333333333333333,NA
"Vmn1r188","Vmn1r222","13","13",22268610,23415006,22280086,23420117,26,7,5,522.299355961771,71.5002419980484,7.54683485402646e-10,1.72383593861663e-12,1106.4548412033,0.178571428571429,NA
"Vmn2r40","Vmn2r48","7","7",8909771,9661551,8934434,9687512,10,17,5,98.6948442521097,102.41761972955,8.457782782342e-10,1.9430161558888e-12,791.479946573723,0.227272727272727,NA
"Vmn1r57","Vmn1r64","7","7",5221492,5886579,5224735,5887541,150,6,5,1018.4056525966,139.097229317068,1.46067280920247e-06,4.39106901527207e-09,334.963170091304,0.033112582781457,NA
"Vmn2r67","Vmn2r68","7","7",84776175,84870346,84805206,84886991,22,15,5,384.656787365652,118.515753723896,3.73716338586404e-08,9.76285856158034e-11,287.658464319465,0.15625,NA
"Vmn1r46","Vmn1r49","6","6",89946295,90048875,89963703,90055488,15,31,5,1184.12224352929,293.938758267076,2.225329024773e-07,6.25158069866392e-10,187.837020991809,0.121951219512195,NA
"Vmn1r191","Vmn1r192","13","13",22357390,22368167,22368139,22375311,46,17,5,383.221535105667,96.9303163388619,3.24828283135054e-06,1.01913935713713e-08,99.7440442431367,0.0862068965517241,NA
"Vmn2r76","Vmn1r67","7","7",85851232,10177258,85895516,10183129,32,34,5,5473.5891701993,251.216901097884,1.93222671802071e-05,6.56961142574254e-08,62.6520944366913,0.0819672131147541,NA
"Vmn1r216","Vmn1r217","13","13",23281146,23289270,23292902,23302396,20,62,5,131.810944357599,486.830571482992,3.38620737119467e-05,1.16909858567554e-07,57.2962112894919,0.0649350649350649,NA
"Vmn2r97","Vmn1r75","17","7",19134562,11608557,19178349,11618234,38,31,5,789.475415393148,401.382891305302,2.88892176437587e-05,9.93616758908947e-08,57.1879579655977,0.078125,NA
"Vmn2r5","Vmn2r125","3","4",64396030,156696495,64417263,156708475,57,24,5,638.463744663651,185.255588311155,5.8291384082358e-05,2.0507890850231e-07,49.6678389920987,0.0657894736842105,NA
"Fpr3","Vmn2r1","17","3",18108114,63988968,18191939,64016905,7,776,5,25.2718159870719,4145.95714627201,0.0122175480933883,5.32480829527003e-05,29.5805004195692,0.006426735218509,NA
"Olfr1233","Vmn2r1","2","3",89163552,63988968,89172742,64016905,7,776,5,194.072761049805,4145.95714627201,0.0122175480933883,5.32480829527003e-05,29.5805004195692,0.006426735218509,NA
"Vmn2r1","Vmn2r61","3","7",63988968,41909477,64016905,41950179,776,7,5,4145.95714627201,28.7631481931698,0.0122175480933883,5.32480829526967e-05,29.5805004195637,0.006426735218509,NA
"Vmn2r116","Vmn2r3","17","3",23603578,64164636,23623396,64197130,10,398,5,237.888031352522,2914.36323049516,0.00517130970802226,2.16557419247414e-05,24.1798438942759,0.0124069478908189,NA
"Vmn1r36","Vmn1r37","6","6",66692241,66706366,66696152,66710023,22,125,5,202.931094813551,1012.35367728468,0.0016370896836481,6.51173826592858e-06,23.9162932469856,0.0352112676056338,NA
"Vmn2r1","Vmn2r57","3","7",63988968,41045369,64016905,41098120,776,8,5,4145.95714627201,96.2568250698411,0.0293279501791396,0.000132825861318567,19.7383628884046,0.00641848523748395,NA
"Vmn2r67","Vmn2r53","7","7",84776175,12296778,84805206,12342715,22,155,5,384.656787365652,6308.86126992893,0.00444963122017712,1.85751775889562e-05,19.0811752444105,0.0290697674418605,NA
"Vmn2r85","Vmn2r6","10","3",130249933,64438731,130265572,64473251,12,434,5,95.2740675912242,3257.21474367726,0.0216249033773833,9.62355892266977e-05,15.7685105574579,0.0113378684807256,NA
"Vmn2r104","Vmn1r55","17","7",20248680,5132290,20268598,5152669,20,243,5,420.116291215016,4883.65067797343,0.0217855959786834,9.723669702731e-05,13.5135582656161,0.0193798449612403,NA
"Vmn2r98","Vmn1r55","17","7",19273722,5132290,19302673,5152669,21,243,5,138.150524732985,4883.65067797343,0.027699998692306,0.000125089261055362,12.6693764730057,0.0193050193050193,NA
"Vmn1r191","Vmn1r139","13","7",22357390,21768482,22368139,21797332,46,7,4,383.221535105667,62.0861998196987,4.38233972367739e-06,1.40371100159799e-08,308.386669585578,0.0816326530612245,NA
"Vmn1r40","Vmn1r54","6","6",89684522,90223282,89693639,90248195,14,20,4,81.5524391391767,97.74540209583,3.75724587576839e-06,1.18868968711954e-08,244.089377714394,0.133333333333333,NA
"Olfr63","Vmn2r59","17","7",33483650,41660708,33494618,41708447,7,66,4,1816.35891831538,2251.14835352104,1.83582397255643e-05,6.16954076053411e-08,210.548479827799,0.0579710144927536,NA
"Vmn2r112","Vmn2r116","17","17",22819932,23603578,22839823,23623396,37,10,4,1146.80054915603,237.888031352522,1.02850895925063e-05,3.38893810087046e-08,196.945479249012,0.0930232558139535,NA
"Vmn1r229","Vmn2r75","17","7",21031817,85794494,21043889,85820986,49,9,4,1695.4485023407,318.77977861277,1.92178305994318e-05,6.50887457290145e-08,173.956691646462,0.0740740740740741,NA
"Vmn2r9","Vmn2r13","5","5",108983139,109300806,109000467,109340065,29,13,4,304.517006987809,233.432907911032,1.24664987706145e-05,4.14044343226931e-08,173.48289185322,0.105263157894737,NA
"Vmn2r91","Vmn2r92","17","17",18305278,18372149,18357030,18409148,9,54,4,34.0020154187158,492.689826635189,2.82979214602984e-05,9.69564889353325e-08,155.778878942475,0.0677966101694915,NA
"Vmn2r114","Vmn2r117","17","17",23504366,23674147,23531511,23698673,26,19,4,3652.8243787874,927.436360251168,3.99675543269614e-05,1.40087914898376e-07,118.742167231664,0.0975609756097561,NA
"Vmn2r19","Vmn2r22","6","6",123285292,123586717,123313496,123627684,10,98,4,52.7214382683366,499.865459205489,0.000471029032452737,1.79937839271879e-06,69.3568142949613,0.0384615384615385,NA
"Vmn2r118","Vmn1r229","17","17",55897370,21031817,55932192,21043889,17,49,4,109.559955790333,1695.4485023407,0.000323736091810558,1.19420607276264e-06,67.0674893425173,0.0645161290322581,NA
"Vmn2r7","Vmn2r43","3","7",64592465,8247347,64752186,8263598,690,5,4,4277.17723560526,34.2810964963711,0.0245275623033689,0.000109797032470185,53.8122736967146,0.00578871201157742,NA
"Vmn2r1","Vmn2r43","3","7",63988968,8247347,64016905,8263598,776,5,4,4145.95714627201,34.2810964963711,0.037768861684206,0.000174525300788181,47.3623137300178,0.00514800514800515,NA
"Vmn2r4","Vmn2r71","3","7",64290465,85212295,64322789,85273888,251,12,4,1865.11786005542,97.0821096648764,0.0367787655120454,0.000168984561137575,19.5266908471145,0.0154440154440154,NA
"Vmn2r114","Vmn2r61","17","7",23504366,41909477,23531511,41950179,26,7,3,3652.8243787874,28.7631481931698,0.000154605733884623,5.56106530723412e-07,314.488476936375,0.1,NA
"Vmn2r80","Vmn2r81","10","10",78984603,79083526,79030846,79130369,6,38,3,50.0508037295651,238.828991310311,0.000283264848103278,1.03004047107499e-06,278.007367075058,0.0731707317073171,NA
"Vmn2r14","Vmn2r15","5","5",109359400,109433536,109372574,109445510,8,25,3,133.222763037086,186.942157893768,0.00021694510032416,7.86032972188984e-07,264.541455456845,0.1,NA
"Vmn2r80","Vmn2r82","10","10",78984603,79192354,79030846,79233683,6,54,3,50.0508037295651,312.219326540881,0.00078185941092893,3.01757334085677e-06,192.268390717793,0.0526315789473684,NA
"Vmn2r58","Vmn2r61","7","7",41485238,41909477,41522136,41950179,46,7,3,390.464815958869,28.7631481931698,0.000833333080049036,3.22717468250454e-06,170.634599811078,0.06,NA
"Vmn2r13","Vmn2r15","5","5",109300806,109433536,109340065,109445510,13,25,3,233.432907911032,186.942157893768,0.00102454014612224,3.9810948757113e-06,133.501722855231,0.0857142857142857,NA
"Olfr1459","Vmn2r25","19","6",13115385,123798605,13126913,123830422,11,33,3,578.719491470828,569.156364792746,0.00137220540155397,5.44011278183809e-06,122.082961359046,0.0731707317073171,NA
"Vmn2r59","Vmn2r61","7","7",41660708,41909477,41708447,41950179,66,7,3,2251.14835352104,28.7631481931698,0.0023914815217984,9.66940123810528e-06,116.40776605182,0.0428571428571429,NA
"Vmn2r114","Vmn2r60","17","7",23504366,41757194,23531511,41845632,26,31,3,3652.8243787874,1335.84631346496,0.0156693949209048,6.84980638083032e-05,45.7679453917705,0.0555555555555556,NA
"Vmn1r5","Vmn1r6","6","6",56947258,56974228,56965375,56986810,30,36,3,283.850422142628,769.545237443037,0.0363983720312374,0.000166758977091234,33.0885713853412,0.0476190476190476,NA
"Vmn2r114","Vmn2r58","17","7",23504366,41485238,23531511,41522136,26,46,3,3652.8243787874,390.464815958869,0.0480883930018971,0.00022536699618879,29.8043799055975,0.0434782608695652,NA
"Vmn2r29","Vmn2r34","7","7",7234326,7673803,7250327,7692512,12,15,2,112.650023988382,142.931235611993,0.030760347005878,0.000139716972065136,150.441598970575,0.08,NA
"Vmn2r9","Vmn2r12","5","5",108983139,109231690,109000467,109245816,29,7,2,304.517006987809,53.1806184333297,0.0372928005805782,0.000171835919499356,144.969160071841,0.0588235294117647,NA
"Vmn2r84","Vmn2r85","10","10",130213794,130249933,130230201,130265572,17,12,2,494.761392433989,95.2740675912242,0.0389994140103038,0.000180723497501014,130.56928335395,0.0740740740740741,NA
"Vmn2r120","Fpr3","17","17",57813453,18108114,57852505,18191939,33,7,2,3496.55624343984,25.2718159870719,0.0478880299830449,0.000223170692133755,126.008406370945,0.0526315789473684,NA
