"pathway","pval","padj","log2err","ES","NES","size","Category"
"CATALYTIC_COMPLEX",1e-10,4.1125e-09,NA,0.542635010075786,1.7490443746262,1120,"CC"
"CELL_SUBSTRATE_JUNCTION",1e-10,4.1125e-09,NA,0.617041548191859,1.91557788402631,263,"CC"
"CYTOSOLIC_LARGE_RIBOSOMAL_SUBUNIT",1e-10,4.1125e-09,NA,0.890882109723825,2.32051032401292,51,"CC"
"CYTOSOLIC_RIBOSOME",1e-10,4.1125e-09,NA,0.887983000242199,2.48970448229345,87,"CC"
"CYTOSOLIC_SMALL_RIBOSOMAL_SUBUNIT",1e-10,4.1125e-09,NA,0.88456631836904,2.18940806993513,37,"CC"
"ENVELOPE",1e-10,4.1125e-09,NA,0.63596599495057,2.04893960419902,902,"CC"
"INNER_MITOCHONDRIAL_MEMBRANE_PROTEIN_COMPLEX",1e-10,4.1125e-09,NA,0.800220948671834,2.36371780822251,136,"CC"
"INTRACELLULAR_PROTEIN_CONTAINING_COMPLEX",1e-10,4.1125e-09,NA,0.51752382633919,1.65626324576305,597,"CC"
"LARGE_RIBOSOMAL_SUBUNIT",1e-10,4.1125e-09,NA,0.828332939154257,2.36855453466433,104,"CC"
"MEMBRANE_PROTEIN_COMPLEX",1e-10,4.1125e-09,NA,0.57165761851957,1.83138921955159,634,"CC"
"MITOCHONDRIAL_ENVELOPE",1e-10,4.1125e-09,NA,0.678256053992195,2.16976063852182,612,"CC"
"MITOCHONDRIAL_MATRIX",1e-10,4.1125e-09,NA,0.61152574272113,1.93710604211445,384,"CC"
"MITOCHONDRIAL_PROTEIN_CONTAINING_COMPLEX",1e-10,4.1125e-09,NA,0.767247742195885,2.37921552030729,254,"CC"
"MITOCHONDRION",1e-10,4.1125e-09,NA,0.602451720595717,1.94242909913162,1223,"CC"
"NADH_DEHYDROGENASE_COMPLEX",1e-10,4.1125e-09,NA,0.856680019338461,2.17625036795385,44,"CC"
"NUCLEAR_PROTEIN_CONTAINING_COMPLEX",1e-10,4.1125e-09,NA,0.470157863271666,1.51516592239085,951,"CC"
"ORGANELLE_INNER_MEMBRANE",1e-10,4.1125e-09,NA,0.710720707065425,2.26134573647418,426,"CC"
"OXIDOREDUCTASE_COMPLEX",1e-10,4.1125e-09,NA,0.76703486625289,2.1677891287497,95,"CC"
"RESPIRASOME",1e-10,4.1125e-09,NA,0.814688861547674,2.27784222347574,84,"CC"
"RIBONUCLEOPROTEIN_COMPLEX",1e-10,4.1125e-09,NA,0.687797566904395,2.20174049438082,595,"CC"
"RIBOSOMAL_SUBUNIT",1e-10,4.1125e-09,NA,0.828715779050976,2.4815966620339,163,"CC"
"RIBOSOME",1e-10,4.1125e-09,NA,0.816503425007493,2.48356778195311,190,"CC"
"SMALL_RIBOSOMAL_SUBUNIT",1e-10,4.1125e-09,NA,0.839808493081734,2.25120164580946,62,"CC"
"SPLICEOSOMAL_COMPLEX",1e-10,4.1125e-09,NA,0.644315903845742,1.94148683686881,175,"CC"
"NUCLEOLUS",1.19018103215247e-10,4.69883471493797e-09,0.826657301178302,0.490473559711052,1.57394872473817,744,"CC"
"POLYSOME",1.59976583912605e-10,6.07295724314388e-09,0.826657301178302,0.79794622192958,2.11805469524404,57,"CC"
"ORGANELLAR_RIBOSOME",2.6696246435687e-10,9.7589611970456e-09,0.814035837847908,0.749805915539121,2.07134650659165,79,"CC"
"CADHERIN_BINDING",1e-10,1.3725e-08,NA,0.625401483297037,1.93272319365626,228,"MF"
"ELECTRON_TRANSFER_ACTIVITY",1e-10,1.3725e-08,NA,0.793348809907398,2.27525176006068,94,"MF"
"NADH_DEHYDROGENASE_ACTIVITY",1e-10,1.3725e-08,NA,0.85975224554018,2.17826070896798,41,"MF"
"OXIDOREDUCTASE_ACTIVITY",1e-10,1.3725e-08,NA,0.585734845599153,1.853489665159,405,"MF"
"OXIDOREDUCTION_DRIVEN_ACTIVE_TRANSMEMBRANE_TRANSPORTER_ACTIVITY",1e-10,1.3725e-08,NA,0.828312923309942,2.24816537033431,63,"MF"
"PRIMARY_ACTIVE_TRANSMEMBRANE_TRANSPORTER_ACTIVITY",1e-10,1.3725e-08,NA,0.720998741992362,2.11677475740717,113,"MF"
"PROTEIN_CONTAINING_COMPLEX_BINDING",1e-10,1.3725e-08,NA,0.498528686904659,1.60027205289282,709,"MF"
"RNA_BINDING",1e-10,1.3725e-08,NA,0.597085680354627,1.93060546928717,1348,"MF"
"STRUCTURAL_CONSTITUENT_OF_RIBOSOME",1e-10,1.3725e-08,NA,0.840527302321991,2.51795443208691,149,"MF"
"STRUCTURAL_MOLECULE_ACTIVITY",1e-10,1.3725e-08,NA,0.713638748292385,2.24574232152167,330,"MF"
"TRANSLATION_REGULATOR_ACTIVITY",1e-10,1.3725e-08,NA,0.709662100250714,2.09307280037941,116,"MF"
"UBIQUITIN_LIKE_PROTEIN_LIGASE_BINDING",1e-10,1.3725e-08,NA,0.647993735806259,2.00273147913393,235,"MF"
"MICROTUBULE_CYTOSKELETON",4.23883605185084e-10,1.49418970827742e-08,0.814035837847908,0.468867681071163,1.51044536226276,895,"CC"
"PROTEASOME_COMPLEX",4.47835917294196e-10,1.52418638058404e-08,0.814035837847908,0.800039073597686,2.09760228342687,55,"CC"
"AEROBIC_RESPIRATION",1e-10,2.01432432432432e-08,NA,0.784171155148934,2.3541637989511,153,"BP"
"AMIDE_BIOSYNTHETIC_PROCESS",1e-10,2.01432432432432e-08,NA,0.644737150280848,2.05631599819864,600,"BP"
"ATP_METABOLIC_PROCESS",1e-10,2.01432432432432e-08,NA,0.744382049052312,2.29312400687874,199,"BP"
"ATP_SYNTHESIS_COUPLED_ELECTRON_TRANSPORT",1e-10,2.01432432432432e-08,NA,0.811891050954624,2.27833037552268,77,"BP"
"CELLULAR_AMIDE_METABOLIC_PROCESS",1e-10,2.01432432432432e-08,NA,0.607168292495128,1.94915763104591,773,"BP"
"CELLULAR_MACROMOLECULE_BIOSYNTHETIC_PROCESS",1e-10,2.01432432432432e-08,NA,0.552436202304359,1.78450916775035,1047,"BP"
"CELLULAR_MACROMOLECULE_LOCALIZATION",1e-10,2.01432432432432e-08,NA,0.476905301988726,1.54349988785915,1140,"BP"
"CELLULAR_PROTEIN_CATABOLIC_PROCESS",1e-10,2.01432432432432e-08,NA,0.526898873791689,1.6816337094873,604,"BP"
"CELLULAR_RESPIRATION",1e-10,2.01432432432432e-08,NA,0.771789394482139,2.35931849392822,184,"BP"
"CYTOPLASMIC_TRANSLATION",1e-10,2.01432432432432e-08,NA,0.820459977339169,2.44717462005657,136,"BP"
"ELECTRON_TRANSPORT_CHAIN",1e-10,2.01432432432432e-08,NA,0.771121561209783,2.27655051044293,124,"BP"
"ENERGY_DERIVATION_BY_OXIDATION_OF_ORGANIC_COMPOUNDS",1e-10,2.01432432432432e-08,NA,0.731471526611719,2.26832577053123,229,"BP"
"ESTABLISHMENT_OF_PROTEIN_LOCALIZATION",1e-10,2.01432432432432e-08,NA,0.504185906525534,1.63013926904089,1112,"BP"
"GENERATION_OF_PRECURSOR_METABOLITES_AND_ENERGY",1e-10,2.01432432432432e-08,NA,0.703179618126688,2.21389669649196,329,"BP"
"INTRACELLULAR_PROTEIN_TRANSPORT",1e-10,2.01432432432432e-08,NA,0.535484875446831,1.7097969946038,613,"BP"
"INTRACELLULAR_TRANSPORT",1e-10,2.01432432432432e-08,NA,0.519165853812897,1.67982231260101,1134,"BP"
"MACROMOLECULE_CATABOLIC_PROCESS",1e-10,2.01432432432432e-08,NA,0.488673050159161,1.57443208334956,943,"BP"
"MITOCHONDRIAL_ELECTRON_TRANSPORT_NADH_TO_UBIQUINONE",1e-10,2.01432432432432e-08,NA,0.849731117831624,2.20104778252004,46,"BP"
"MITOCHONDRIAL_RESPIRATORY_CHAIN_COMPLEX_ASSEMBLY",1e-10,2.01432432432432e-08,NA,0.772224841565551,2.19188989399789,87,"BP"
"MITOCHONDRIAL_TRANSPORT",1e-10,2.01432432432432e-08,NA,0.669361094105695,2.022289628974,162,"BP"
"MITOCHONDRION_ORGANIZATION",1e-10,2.01432432432432e-08,NA,0.649223092648454,2.05833756685963,404,"BP"
"NADH_DEHYDROGENASE_COMPLEX_ASSEMBLY",1e-10,2.01432432432432e-08,NA,0.806593957986584,2.1388588972078,54,"BP"
"NITROGEN_COMPOUND_TRANSPORT",1e-10,2.01432432432432e-08,NA,0.474228816719494,1.53627008622816,1231,"BP"
"ORGANONITROGEN_COMPOUND_BIOSYNTHETIC_PROCESS",1e-10,2.01432432432432e-08,NA,0.562346603271721,1.81804946835325,1093,"BP"
"ORGANONITROGEN_COMPOUND_CATABOLIC_PROCESS",1e-10,2.01432432432432e-08,NA,0.49184567348428,1.58197146708495,865,"BP"
"OXIDATIVE_PHOSPHORYLATION",1e-10,2.01432432432432e-08,NA,0.81256923046022,2.37277458506217,114,"BP"
"PEPTIDE_BIOSYNTHETIC_PROCESS",1e-10,2.01432432432432e-08,NA,0.670513774844733,2.13333834117202,530,"BP"
"PEPTIDE_METABOLIC_PROCESS",1e-10,2.01432432432432e-08,NA,0.638272365985947,2.03976494504515,628,"BP"
"PROTEIN_CATABOLIC_PROCESS",1e-10,2.01432432432432e-08,NA,0.524191241009837,1.67679651464984,691,"BP"
"PROTEIN_CONTAINING_COMPLEX_ORGANIZATION",1e-10,2.01432432432432e-08,NA,0.562914943424357,1.82064641728469,1116,"BP"
"PROTEIN_LOCALIZATION_TO_ORGANELLE",1e-10,2.01432432432432e-08,NA,0.520375815858428,1.66201606447933,623,"BP"
"PROTEOLYSIS",1e-10,2.01432432432432e-08,NA,0.470403027358874,1.51854243938959,988,"BP"
"PROTON_TRANSMEMBRANE_TRANSPORT",1e-10,2.01432432432432e-08,NA,0.732768139256991,2.11223983576906,96,"BP"
"RESPIRATORY_ELECTRON_TRANSPORT_CHAIN",1e-10,2.01432432432432e-08,NA,0.79580267168643,2.2913535302989,94,"BP"
"RIBONUCLEOPROTEIN_COMPLEX_BIOGENESIS",1e-10,2.01432432432432e-08,NA,0.576773302409152,1.82655693184,380,"BP"
"RNA_SPLICING",1e-10,2.01432432432432e-08,NA,0.566826837985432,1.78578068943772,335,"BP"
"RNA_SPLICING_VIA_TRANSESTERIFICATION_REACTIONS",1e-10,2.01432432432432e-08,NA,0.604116522889778,1.88038191026411,245,"BP"
"SUPRAMOLECULAR_COMPLEX",7.17029962977505e-10,2.35902857819599e-08,0.801215574617779,0.487972521482586,1.56711764522936,712,"CC"
"OXIDOREDUCTASE_ACTIVITY_ACTING_ON_NAD_P_H_QUINONE_OR_SIMILAR_COMPOUND_AS_ACCEPTOR",1.94307496879245e-10,2.46172651815475e-08,0.826657301178302,0.833329180636371,2.1637736542315,47,"MF"
"ESTABLISHMENT_OF_PROTEIN_LOCALIZATION_TO_ORGANELLE",2.26016783653705e-10,4.43290286466069e-08,0.826657301178302,0.573911134290008,1.80467221821561,310,"BP"
"SECRETORY_GRANULE",1.41315351336428e-09,4.49929844416304e-08,0.788186810800237,0.531520730153948,1.68985318829941,424,"CC"
"UNFOLDED_PROTEIN_BINDING",4.13817168108286e-10,4.86826339910248e-08,0.814035837847908,0.731470781000377,2.07849462105195,87,"MF"
"SECRETORY_VESICLE",1.62279739290888e-09,5.00531570875333e-08,0.788186810800237,0.510328357220937,1.63236364786538,514,"CC"
"MODIFICATION_DEPENDENT_MACROMOLECULE_CATABOLIC_PROCESS",2.69319618042855e-10,5.14676695711128e-08,0.814035837847908,0.518776178987537,1.65013698526218,512,"BP"
"PROTEIN_TARGETING",2.8217156163981e-10,5.25756162225376e-08,0.814035837847908,0.599499330530326,1.86665744292038,242,"BP"
"PROTEIN_FOLDING",3.42881616648934e-10,6.23291875337685e-08,0.814035837847908,0.648216120738366,1.95663663681356,159,"BP"
"CELL_ADHESION_MOLECULE_BINDING",5.7659609233526e-10,6.33102509384115e-08,0.801215574617779,0.567704529993768,1.7746394106184,300,"MF"
"IDENTICAL_PROTEIN_BINDING",6.9326125990547e-10,6.86430941671775e-08,0.801215574617779,0.451706120074732,1.46043318671601,1087,"MF"
"OXIDOREDUCTASE_ACTIVITY_ACTING_ON_NAD_P_H",7.0852009765757e-10,6.86430941671775e-08,0.801215574617779,0.781508572901643,2.09602450705507,60,"MF"
"ANCHORING_JUNCTION",2.60775564758154e-09,7.57016124753817e-08,0.774939030136436,0.522469680251838,1.66359333260026,455,"CC"
"POLYSOMAL_RIBOSOME",2.53677236216227e-09,7.57016124753817e-08,0.774939030136436,0.877653394207629,2.10048409837631,29,"CC"
"TRANSLATION_REGULATOR_ACTIVITY_NUCLEIC_ACID_BINDING",9.27359303808709e-10,8.48533762984968e-08,0.801215574617779,0.72183592751574,2.06799553906753,92,"MF"
"VESICLE_LUMEN",3.12905032230075e-09,8.82392190888812e-08,0.774939030136436,0.619062843049678,1.86568643529107,177,"CC"
"REGULATION_OF_PROTEIN_CATABOLIC_PROCESS",5.78413096827913e-10,1.02640781206153e-07,0.801215574617779,0.584393662594784,1.82806255079738,273,"BP"
"HYDROLASE_ACTIVITY_ACTING_ON_ACID_ANHYDRIDES",1.19310185872869e-09,1.03423092701377e-07,0.788186810800237,0.526366910222367,1.67505189528116,473,"MF"
"TRANSLATION_FACTOR_ACTIVITY_RNA_BINDING",1.58455016193518e-09,1.30487705835362e-07,0.788186810800237,0.740862284231198,2.07981843857103,78,"MF"
"GTPASE_ACTIVITY",2.00254817508554e-09,1.57056992588852e-07,0.774939030136436,0.605045063540045,1.85290260378283,207,"MF"
"MITOCHONDRIAL_TRANSMEMBRANE_TRANSPORT",9.53603625314377e-10,1.65283902778327e-07,0.788186810800237,0.73069189897297,2.06688466449329,85,"BP"
"RNA_PROCESSING",9.9626529625896e-10,1.6875375575041e-07,0.788186810800237,0.477574506727669,1.53162403419941,754,"BP"
"SYNAPSE",6.47786367227103e-09,1.77601429014764e-07,0.761460801445585,0.479082547938964,1.53847380830291,687,"CC"
"RIBOSE_PHOSPHATE_METABOLIC_PROCESS",1.32984364010202e-09,2.20251658881786e-07,0.788186810800237,0.588859611042444,1.83241524429547,244,"BP"
"REGULATION_OF_CATABOLIC_PROCESS",1.46586073569537e-09,2.37501305720382e-07,0.788186810800237,0.488458228857509,1.56195833027407,673,"BP"
"PROGRAMMED_CELL_DEATH",1.64996119240837e-09,2.61641718447225e-07,0.788186810800237,0.455832452694001,1.4700157320335,972,"BP"
"PROTON_TRANSMEMBRANE_TRANSPORTER_ACTIVITY",3.85729775139864e-09,2.8877133620698e-07,0.761460801445585,0.737893715624123,2.05931668468973,75,"MF"
"NUCLEOSIDE_TRIPHOSPHATE_BIOSYNTHETIC_PROCESS",2.01305928771624e-09,3.12569393153108e-07,0.774939030136436,0.757288520109002,2.06290446904884,63,"BP"
"RIBONUCLEOPROTEIN_COMPLEX_SUBUNIT_ORGANIZATION",2.24005332642099e-09,3.40716682486034e-07,0.774939030136436,0.642470009148817,1.9410456446746,162,"BP"
"PROTON_TRANSPORTING_ATP_SYNTHASE_COMPLEX",1.28897343081076e-08,3.43842371948709e-07,0.747739663149885,0.908924246066807,2.04742118502804,20,"CC"
"POSITIVE_REGULATION_OF_PROTEIN_METABOLIC_PROCESS",2.61369530772529e-09,3.89597422569532e-07,0.774939030136436,0.467881972108847,1.50387484956904,806,"BP"
"RIBOSOME_BIOGENESIS",3.21403058486949e-09,4.6968960684377e-07,0.774939030136436,0.567013232887589,1.77343826623598,274,"BP"
"TRANSLATIONAL_INITIATION",3.93616297933437e-09,5.6415812855729e-07,0.761460801445585,0.685644411063524,1.98343675142671,104,"BP"
"FICOLIN_1_RICH_GRANULE_LUMEN",2.52551429365228e-08,6.39149386624308e-07,0.73376198835648,0.678200885830076,1.92884156963185,100,"CC"
"U2_TYPE_SPLICEOSOMAL_COMPLEX",2.48936934057038e-08,6.39149386624308e-07,0.73376198835648,0.698493991739572,1.96834696873914,90,"CC"
"PROTON_TRANSPORTING_TWO_SECTOR_ATPASE_COMPLEX",2.82058795031013e-08,6.95980076739026e-07,0.73376198835648,0.809680338340265,2.02741284011185,40,"CC"
"SUPRAMOLECULAR_POLYMER",2.96574292898899e-08,7.13948358759057e-07,0.73376198835648,0.502885879043698,1.60557891616968,481,"CC"
"SM_LIKE_PROTEIN_FAMILY_COMPLEX",3.05035772154967e-08,7.16834064564172e-07,0.719512826338911,0.717436644641246,1.97480495287385,75,"CC"
"SPLICEOSOMAL_SNRNP_COMPLEX",3.25683406364712e-08,7.47557028097606e-07,0.719512826338911,0.757963505199266,2.01192526123974,57,"CC"
"FICOLIN_1_RICH_GRANULE",3.66568819275398e-08,8.2228051051095e-07,0.719512826338911,0.649456248582971,1.90256925985774,126,"CC"
"ATP_BIOSYNTHETIC_PROCESS",6.82782947262858e-09,9.60147416216996e-07,0.761460801445585,0.828419034769814,2.11039969205233,41,"BP"
"MICROTUBULE",4.57334956560551e-08,1.00308800472281e-06,0.719512826338911,0.551957217706948,1.72593024645987,295,"CC"
"PURINE_CONTAINING_COMPOUND_METABOLIC_PROCESS",8.14917979895391e-09,1.10428794621097e-06,0.747739663149885,0.574435786997953,1.79044063174371,247,"BP"
"REGULATION_OF_BINDING",8.08934503800643e-09,1.10428794621097e-06,0.747739663149885,0.589879187113632,1.82659221468678,211,"BP"
"REGULATION_OF_CELLULAR_LOCALIZATION",8.84207936988281e-09,1.16949460273179e-06,0.747739663149885,0.502538922174993,1.59626713096413,489,"BP"
"REGULATION_OF_PROTEASOMAL_PROTEIN_CATABOLIC_PROCESS",8.94420935941397e-09,1.16949460273179e-06,0.747739663149885,0.627064977369408,1.88317350429901,149,"BP"
"MITOCHONDRIAL_LARGE_RIBOSOMAL_SUBUNIT",7.72069115257865e-08,1.65659177556416e-06,0.704975715167238,0.764248781548677,1.99877721523889,53,"CC"
"TRANSPORTER_COMPLEX",7.90808863502276e-08,1.66069861335478e-06,0.704975715167238,0.603449205635087,1.81932553986924,176,"CC"
"REGULATION_OF_PROTEIN_LOCALIZATION",1.53864118002761e-08,1.97715391633548e-06,0.73376198835648,0.505015081326089,1.605365848407,498,"BP"
"PROTEIN_CONTAINING_COMPLEX_DISASSEMBLY",1.78562397075849e-08,2.25563651763781e-06,0.73376198835648,0.610643496339167,1.85655255990446,177,"BP"
"MITOCHONDRIAL_MEMBRANE_ORGANIZATION",1.98377024832444e-08,2.46417327679367e-06,0.73376198835648,0.684369447156389,1.97050400125873,94,"BP"
"RIBONUCLEOSIDE_TRIPHOSPHATE_BIOSYNTHETIC_PROCESS",2.06210768235981e-08,2.51948992731601e-06,0.73376198835648,0.760246176491877,2.0165097252749,55,"BP"
"ORGANELLE_ENVELOPE_LUMEN",1.38239649631472e-07,2.84255279554713e-06,0.690132458796796,0.70320954235282,1.93929214909962,78,"CC"
"REGULATION_OF_CELLULAR_PROTEIN_CATABOLIC_PROCESS",2.49315179342067e-08,2.99700972844585e-06,0.73376198835648,0.599120113020607,1.83385430270745,187,"BP"
"ENDOPEPTIDASE_COMPLEX",1.57347576652288e-07,3.1694297582818e-06,0.690132458796796,0.719031880752545,1.9482133158714,67,"CC"
"CHAPERONE_BINDING",5.48560346002056e-08,3.92816908637124e-06,0.719512826338911,0.724560536854074,2.00969391227133,71,"MF"
"POLYMERIC_CYTOSKELETAL_FIBER",2.07539787755891e-07,4.09683541030129e-06,0.690132458796796,0.51016882949955,1.61725064793692,393,"CC"
"REGULATION_OF_ESTABLISHMENT_OF_PROTEIN_LOCALIZATION",3.65327949416772e-08,4.32188763016381e-06,0.719512826338911,0.545747956470539,1.71331497597148,301,"BP"
"CYTOCHROME_COMPLEX",2.36311546620042e-07,4.57332346105847e-06,0.690132458796796,0.831994952156,2.00562818398771,30,"CC"
"REGULATION_OF_PROTEOLYSIS",4.4774689432406e-08,5.21415250530815e-06,0.719512826338911,0.511859513293234,1.6202600298074,390,"BP"
"PEPTIDASE_COMPLEX",3.02516258415724e-07,5.7419912895446e-06,0.674962860011025,0.672916713051837,1.89765188020984,91,"CC"
"RIBONUCLEOSIDE_TRIPHOSPHATE_METABOLIC_PROCESS",5.54432453619261e-08,6.35720781049901e-06,0.719512826338911,0.733408671765679,2.00670545652933,66,"BP"
"MACROAUTOPHAGY",6.1455720386825e-08,6.93984066731828e-06,0.704975715167238,0.56549619063265,1.76251470292633,241,"BP"
"MRNA_BINDING",1.21371934590188e-07,8.32914901125162e-06,0.690132458796796,0.567942042491714,1.75438429850851,231,"MF"
"NEGATIVE_REGULATION_OF_MOLECULAR_FUNCTION",7.67187592804176e-08,8.40860166054341e-06,0.704975715167238,0.486712644766711,1.54928587220993,545,"BP"
"PROCESS_UTILIZING_AUTOPHAGIC_MECHANISM",7.56703419541169e-08,8.40860166054341e-06,0.704975715167238,0.515951554983804,1.63744901345491,401,"BP"
"MRNA_PROCESSING",8.23629142978748e-08,8.89638840959508e-06,0.704975715167238,0.519125886918223,1.64382714532545,384,"BP"
"REGULATION_OF_TRANSPORT",9.09829005888963e-08,9.68707940127206e-06,0.704975715167238,0.45269091239624,1.45564322348659,827,"BP"
"REGULATION_OF_CELLULAR_MACROMOLECULE_BIOSYNTHETIC_PROCESS",9.50911595867801e-08,9.9818931323982e-06,0.704975715167238,0.494761887114577,1.57231172318895,488,"BP"
"REGULATION_OF_PROTEIN_MODIFICATION_BY_SMALL_PROTEIN_CONJUGATION_OR_REMOVAL",1.06819799400465e-07,1.10573328462731e-05,0.704975715167238,0.59015344824004,1.80420596820336,185,"BP"
"PROTEASOMAL_PROTEIN_CATABOLIC_PROCESS",1.09278563308518e-07,1.11568922238135e-05,0.704975715167238,0.517246941056531,1.63764024770775,391,"BP"
"NEGATIVE_REGULATION_OF_TRANSPORT",1.11947669881143e-07,1.12749457246508e-05,0.704975715167238,0.575654812667608,1.7807174759076,206,"BP"
"PROTEIN_LOCALIZATION_TO_MITOCHONDRION",1.16839546193452e-07,1.16107351703974e-05,0.704975715167238,0.658934044579765,1.90524309377591,103,"BP"
"CYTOSKELETAL_PROTEIN_BINDING",1.96929742140287e-07,1.29737314122021e-05,0.690132458796796,0.478189206014742,1.53051867884937,580,"MF"
"CATALYTIC_STEP_2_SPLICEOSOME",7.01313533847471e-07,1.30603105265557e-05,0.659444398037935,0.681849561931802,1.90642808013377,84,"CC"
"GUANYL_NUCLEOTIDE_BINDING",2.08501468441266e-07,1.32077660970294e-05,0.690132458796796,0.562019642764127,1.7384791267325,244,"MF"
"NUCLEOSIDE_TRIPHOSPHATE_METABOLIC_PROCESS",1.57087262583307e-07,1.54048864214919e-05,0.690132458796796,0.697584134412147,1.97014313881959,82,"BP"
"ACTIVE_TRANSMEMBRANE_TRANSPORTER_ACTIVITY",2.82232406967111e-07,1.72161768249938e-05,0.674962860011025,0.577279697813317,1.75326824968464,189,"MF"
"CELLULAR_COMPONENT_DISASSEMBLY",2.24908187664973e-07,2.17693600346369e-05,0.690132458796796,0.533558818694174,1.67932827706689,308,"BP"
"REGULATION_OF_CELL_DEATH",2.56806063997101e-07,2.45381486534666e-05,0.674962860011025,0.452644660144398,1.453575982572,780,"BP"
"REGULATION_OF_UBIQUITIN_DEPENDENT_PROTEIN_CATABOLIC_PROCESS",2.90343925979663e-07,2.73915605104612e-05,0.674962860011025,0.629362684991734,1.86095967803622,126,"BP"
"VACUOLAR_MEMBRANE",1.75758346414539e-06,3.21247199835462e-05,0.643551836150722,0.523800095700602,1.63220065334965,286,"CC"
"VACUOLE",2.0567483583208e-06,3.69092841756842e-05,0.627256739718528,0.480768612665976,1.53593536253173,487,"CC"
"NUCLEOBASE_CONTAINING_SMALL_MOLECULE_METABOLIC_PROCESS",4.02299670126618e-07,3.7479243018171e-05,0.674962860011025,0.514026758111388,1.62095766217467,347,"BP"
"MOLECULAR_FUNCTION_REGULATOR",8.42020581824507e-07,4.95288535094629e-05,0.659444398037935,0.43541676038275,1.40062420906168,870,"MF"
"PROTEIN_DOMAIN_SPECIFIC_BINDING",8.88154686592609e-07,5.04410609937251e-05,0.659444398037935,0.496646284959941,1.57139780618777,408,"MF"
"RIBOSOMAL_LARGE_SUBUNIT_BIOGENESIS",5.83538206795669e-07,5.36927192005941e-05,0.659444398037935,0.712636463789675,1.94986988218405,66,"BP"
"CELLULAR_HOMEOSTASIS",5.97557407103854e-07,5.43121384773783e-05,0.659444398037935,0.505289617341052,1.60017852644359,380,"BP"
"REGULATION_OF_PROTEASOMAL_UBIQUITIN_DEPENDENT_PROTEIN_CATABOLIC_PROCESS",6.08774592224691e-07,5.46650245283207e-05,0.659444398037935,0.641111745789546,1.86650211652408,110,"BP"
"NEGATIVE_REGULATION_OF_TRANSMEMBRANE_TRANSPORT",6.33158041236457e-07,5.61777009682775e-05,0.659444398037935,0.745063156727327,1.96600942038782,52,"BP"
"NEGATIVE_REGULATION_OF_CELL_DEATH",6.59914016089321e-07,5.69967712322703e-05,0.659444398037935,0.482519679109483,1.53340701434732,488,"BP"
"NEGATIVE_REGULATION_OF_ION_TRANSMEMBRANE_TRANSPORT",6.50815835215163e-07,5.69967712322703e-05,0.659444398037935,0.800660929035944,2.00237345802977,36,"BP"
"RIBOSOME_ASSEMBLY",6.6533195990977e-07,5.69967712322703e-05,0.659444398037935,0.729325008639089,1.93449308695423,55,"BP"
"POSITIVE_REGULATION_OF_TRANSPORT",6.84790614583116e-07,5.79970960282723e-05,0.659444398037935,0.49583761541177,1.57444412132309,427,"BP"
"ATP_SYNTHESIS_COUPLED_PROTON_TRANSPORT",7.1930442150638e-07,5.97856098940646e-05,0.659444398037935,0.861041299541056,2.00654373170621,24,"BP"
"MITOCHONDRIAL_ATP_SYNTHESIS_COUPLED_PROTON_TRANSPORT",7.21951548432285e-07,5.97856098940646e-05,0.659444398037935,0.892359573261371,1.96131089240226,18,"BP"
"POSITIVE_REGULATION_OF_MOLECULAR_FUNCTION",7.89147398887243e-07,6.46206402175163e-05,0.659444398037935,0.444839484847804,1.42767674984838,762,"BP"
"PROTEIN_MODIFICATION_BY_SMALL_PROTEIN_CONJUGATION_OR_REMOVAL",7.9767863947558e-07,6.46206402175163e-05,0.659444398037935,0.447512611350041,1.43463032924759,733,"BP"
"REGULATION_OF_CELLULAR_AMIDE_METABOLIC_PROCESS",8.18993793253962e-07,6.5633986463675e-05,0.659444398037935,0.514411053801618,1.62032013704745,338,"BP"
"CHAPERONE_COMPLEX",3.86236650990213e-06,6.8074209737025e-05,0.610526878385931,0.804917040565015,1.92009022669724,28,"CC"
"INORGANIC_ION_TRANSMEMBRANE_TRANSPORT",9.59486457576918e-07,7.60750273225614e-05,0.643551836150722,0.502058207878455,1.58311048048334,359,"BP"
"OUTER_MEMBRANE",4.53175630829433e-06,7.71179909704569e-05,0.610526878385931,0.577975995106142,1.72436074895893,157,"CC"
"TRANSFERASE_COMPLEX",4.48568455572162e-06,7.71179909704569e-05,0.610526878385931,0.454475979132335,1.45375090421952,607,"CC"
"PROTEIN_INSERTION_INTO_MEMBRANE",1.0528152562781e-06,8.2596127421481e-05,0.643551836150722,0.73261164823778,1.91709621340195,50,"BP"
"POSITIVE_REGULATION_OF_PROTEIN_LOCALIZATION",1.25186393865037e-06,9.71889784870957e-05,0.643551836150722,0.529140141486127,1.65552733257969,272,"BP"
"PROTON_CHANNEL_ACTIVITY",1.79025955737819e-06,9.82852497000629e-05,0.643551836150722,0.895509021982139,1.93006934916802,17,"MF"
"RIBOSE_PHOSPHATE_BIOSYNTHETIC_PROCESS",1.35440569471729e-06,0.00010406583136833,0.643551836150722,0.615738009120263,1.83307871206542,131,"BP"
"PROTON_TRANSPORTING_ATP_SYNTHASE_ACTIVITY_ROTATIONAL_MECHANISM",2.01756677340589e-06,0.000107191370187081,0.627256739718528,0.905698826087249,1.91856935003134,16,"MF"
"POSITIVE_REGULATION_OF_ESTABLISHMENT_OF_PROTEIN_LOCALIZATION",1.42590940797372e-06,0.000108441865486002,0.643551836150722,0.57422910760941,1.75344143841569,183,"BP"
"PURINE_CONTAINING_COMPOUND_BIOSYNTHETIC_PROCESS",1.47193804614634e-06,0.000110811659170996,0.643551836150722,0.606409199772314,1.79453409000123,127,"BP"
"INTRINSIC_COMPONENT_OF_PLASMA_MEMBRANE",6.75320278881208e-06,0.000111090185875959,0.610526878385931,-0.356989353333041,-1.47979318874815,426,"CC"
"SPLICEOSOMAL_TRI_SNRNP_COMPLEX",6.70794306367295e-06,0.000111090185875959,0.610526878385931,0.782222748844336,1.9010489166876,32,"CC"
"INTRINSIC_COMPONENT_OF_MITOCHONDRIAL_MEMBRANE",7.30959508028636e-06,0.000118271644987584,0.610526878385931,0.674172097477927,1.8501523632999,74,"CC"
"POSTTRANSCRIPTIONAL_REGULATION_OF_GENE_EXPRESSION",1.73054371854315e-06,0.000128977423343021,0.643551836150722,0.497931524761601,1.57622433293851,385,"BP"
"ESTABLISHMENT_OF_ORGANELLE_LOCALIZATION",1.97098839273141e-06,0.000145443331594329,0.627256739718528,0.52107234248791,1.6306491284275,275,"BP"
"RRNA_BINDING",2.83190925857972e-06,0.000145754829652525,0.627256739718528,0.695971181129699,1.87626537137481,61,"MF"
"POSITIVE_REGULATION_OF_PROTEOLYSIS",2.04583404818832e-06,0.000149486285893604,0.627256739718528,0.546382865595737,1.69331276684041,222,"BP"
"PRECATALYTIC_SPLICEOSOME",9.49125901270061e-06,0.000151094720089282,0.593325476396405,0.715245237950293,1.86749973466505,52,"CC"
"U12_TYPE_SPLICEOSOMAL_COMPLEX",9.80296589063145e-06,0.000153579798953226,0.593325476396405,0.83307226124788,1.92071367020698,23,"CC"
"VIRAL_PROCESS",2.14265239536859e-06,0.000155040663132836,0.627256739718528,0.536857875163373,1.67059607421188,244,"BP"
"REGULATION_OF_PROTEIN_CONTAINING_COMPLEX_ASSEMBLY",2.46180795584108e-06,0.000176421679758496,0.627256739718528,0.53113268539653,1.65505706550375,246,"BP"
"ENZYME_INHIBITOR_ACTIVITY",3.91615980297087e-06,0.000195451975621001,0.610526878385931,0.565084723199409,1.71381490342201,179,"MF"
"CHAPERONE_MEDIATED_PROTEIN_FOLDING",2.7885637087035e-06,0.000196242515007334,0.627256739718528,0.705714533562538,1.88774250731641,57,"BP"
"PROTEIN_MODIFICATION_BY_SMALL_PROTEIN_CONJUGATION",2.7910514679696e-06,0.000196242515007334,0.627256739718528,0.456513602160904,1.45781061085454,624,"BP"
"SUBSTANTIA_NIGRA_DEVELOPMENT",3.04052922250499e-06,0.000211785647619903,0.627256739718528,0.782325982275663,1.95651957729729,36,"BP"
"TRANSCRIPTION_FACTOR_BINDING",4.37825831661634e-06,0.000212087983749033,0.610526878385931,0.492468898254597,1.55539695571067,388,"MF"
"ESTABLISHMENT_OF_PROTEIN_LOCALIZATION_TO_MEMBRANE",3.07669124383059e-06,0.000212320183706198,0.627256739718528,0.562523243373771,1.72117701953059,188,"BP"
"TRANSLATION_INITIATION_FACTOR_ACTIVITY",4.86477987010581e-06,0.000228922641316122,0.610526878385931,0.73276780749585,1.91875352839949,48,"MF"
"MIDBRAIN_DEVELOPMENT",3.45625546827154e-06,0.000236325431238787,0.627256739718528,0.713380828925666,1.88156798711101,53,"BP"
"PROTEIN_TARGETING_TO_MITOCHONDRION",3.64903077780726e-06,0.000247238421699978,0.627256739718528,0.660260371478779,1.8676572688164,85,"BP"
"POSITIVE_REGULATION_OF_DNA_BINDING",3.96893228575649e-06,0.000266490561493181,0.610526878385931,0.785743154330765,1.91723413690095,32,"BP"
"NEGATIVE_REGULATION_OF_PROTEIN_METABOLIC_PROCESS",5.18633893189401e-06,0.000345123071958983,0.610526878385931,0.450658888754748,1.43765021722662,611,"BP"
"AZUROPHIL_GRANULE",2.3351080050245e-05,0.000360117437649872,0.575610261071129,0.609137316166039,1.7266551655562,98,"CC"
"CATION_TRANSMEMBRANE_TRANSPORT",5.50031859466472e-06,0.000360334537998641,0.610526878385931,0.490197973974663,1.55174343481457,385,"BP"
"PROTEASOME_MEDIATED_UBIQUITIN_DEPENDENT_PROTEIN_CATABOLIC_PROCESS",5.51162449105663e-06,0.000360334537998641,0.610526878385931,0.497921092667787,1.56822739801393,332,"BP"
"NUCLEOSIDE_PHOSPHATE_BIOSYNTHETIC_PROCESS",5.6242464269495e-06,0.000364500074956997,0.610526878385931,0.574126141264778,1.73398053368565,161,"BP"
"ION_TRANSMEMBRANE_TRANSPORT",6.25572783832833e-06,0.000401930513612595,0.610526878385931,0.465593457526688,1.48114646913872,461,"BP"
"NON_MEMBRANE_BOUNDED_ORGANELLE_ASSEMBLY",6.40717158016427e-06,0.00040814230587149,0.610526878385931,0.522977537946426,1.63180671038134,250,"BP"
"NUCLEAR_ENVELOPE",2.91116577727971e-05,0.000442049326488473,0.575610261071129,0.491382214699883,1.53869620102771,308,"CC"
"ORGANELLE_ASSEMBLY",7.05173862389403e-06,0.000445394982744764,0.610526878385931,0.453554489843702,1.44819422392971,613,"BP"
"BIOLOGICAL_PROCESS_INVOLVED_IN_INTERSPECIES_INTERACTION_BETWEEN_ORGANISMS",7.18415948296765e-06,0.000449945719550907,0.610526878385931,0.453550897436088,1.44757566837894,605,"BP"
"PROTON_TRANSPORTING_ATP_SYNTHASE_COMPLEX_CATALYTIC_CORE_F_1",3.1584084612506e-05,0.000472325628977931,0.557332238758646,0.972847445516256,1.71881194320884,6,"CC"
"MRNA_METABOLIC_PROCESS",7.64096118983628e-06,0.000474567364565415,0.593325476396405,0.454954914795969,1.44906770685596,554,"BP"
"ORGANOPHOSPHATE_METABOLIC_PROCESS",7.92135570849032e-06,0.000487916232193209,0.593325476396405,0.459571845480609,1.46317785788869,547,"BP"
"INTRINSIC_APOPTOTIC_SIGNALING_PATHWAY",8.29990230932444e-06,0.000507042392716353,0.593325476396405,0.540386467088275,1.66634729728254,200,"BP"
"INTRINSIC_COMPONENT_OF_MITOCHONDRIAL_INNER_MEMBRANE",3.59772403535499e-05,0.000522199062190496,0.557332238758646,0.714928905289099,1.84798545347099,49,"CC"
"PROTON_TRANSPORTING_ATP_SYNTHASE_COMPLEX_COUPLING_FACTOR_F_O",3.5529580377554e-05,0.000522199062190496,0.557332238758646,0.882031028059479,1.82864922237995,13,"CC"
"PROTEASOME_ACCESSORY_COMPLEX",3.83295084913662e-05,0.000548278621463456,0.557332238758646,0.81465948678186,1.8782615693888,23,"CC"
"NEURAL_NUCLEUS_DEVELOPMENT",9.15576873320004e-06,0.000552280896352917,0.593325476396405,0.751856245819651,1.91833901219342,42,"BP"
"RESPONSE_TO_INORGANIC_SUBSTANCE",9.18862621062146e-06,0.000552280896352917,0.593325476396405,0.521141376940209,1.62846426379226,252,"BP"
"CELL_CELL_ADHESION_VIA_PLASMA_MEMBRANE_ADHESION_MOLECULES",9.61578504637592e-06,0.000573331567605118,0.593325476396405,-0.565483912937543,-1.93417449554132,88,"BP"
"UBIQUITIN_PROTEIN_TRANSFERASE_INHIBITOR_ACTIVITY",1.2633416178171e-05,0.000577978790151325,0.593325476396405,0.960486433346683,1.77556961026541,8,"MF"
"U2_SNRNP",4.40397053266852e-05,0.000620959845106262,0.557332238758646,0.825363304297381,1.85919379076504,20,"CC"
"CHAPERONE_MEDIATED_PROTEIN_COMPLEX_ASSEMBLY",1.12460437690172e-05,0.00066521241436893,0.593325476396405,0.853325973334824,1.88989429438164,19,"BP"
"METAL_ION_TRANSMEMBRANE_TRANSPORTER_ACTIVITY",1.53057493327743e-05,0.000681312679758901,0.575610261071129,-0.483120457331485,-1.77817532720857,147,"MF"
"TRANSPORTER_ACTIVITY",1.57663134412688e-05,0.000683345216783413,0.575610261071129,0.453302505309855,1.44609032761986,527,"MF"
"PROTEIN_LOCALIZATION_TO_ENDOPLASMIC_RETICULUM",1.24561520591803e-05,0.000730989773992681,0.593325476396405,0.69531305725121,1.84377344278501,54,"BP"
"PROTON_TRANSPORTING_TWO_SECTOR_ATPASE_COMPLEX_PROTON_TRANSPORTING_DOMAIN",5.33647499297147e-05,0.000731541780286506,0.557332238758646,0.821844914516673,1.8648828336765,21,"CC"
"SPINDLE",5.33523570155088e-05,0.000731541780286506,0.557332238758646,0.487329000615151,1.51521873913087,276,"CC"
"NEGATIVE_REGULATION_OF_TRANSPORTER_ACTIVITY",1.35709330238306e-05,0.000790188779895389,0.593325476396405,0.768231689483938,1.8889365617191,33,"BP"
"NEGATIVE_REGULATION_OF_ION_TRANSPORT",1.37283991087506e-05,0.000793160919050528,0.593325476396405,0.691160771156011,1.83326461856857,55,"BP"
"PROTEASOME_CORE_COMPLEX",6.101045999559e-05,0.000824894849529415,0.557332238758646,0.842815247661248,1.8615614111324,18,"CC"
"REGULATION_OF_INTRINSIC_APOPTOTIC_SIGNALING_PATHWAY",1.44068363712311e-05,0.000825955011344503,0.593325476396405,0.602085124976991,1.76130811880983,115,"BP"
"PROTEIN_DIMERIZATION_ACTIVITY",2.01883480739276e-05,0.000852569468660479,0.575610261071129,0.450003349607808,1.43822628752861,557,"MF"
"BIOLOGICAL_PROCESS_INVOLVED_IN_SYMBIOTIC_INTERACTION",1.51993713120131e-05,0.000864739804491861,0.593325476396405,0.5659468737573,1.69625443331509,144,"BP"
"SPINDLE_MICROTUBULE",6.7133486022623e-05,0.000895415550058499,0.538434096309916,0.658662973648677,1.75093818815738,61,"CC"
"APOPTOTIC_SIGNALING_PATHWAY",1.59118486422651e-05,0.000898416726748499,0.575610261071129,0.486612264970382,1.5362919578358,352,"BP"
"PERINUCLEAR_REGION_OF_CYTOPLASM",7.03603182736908e-05,0.000925941788481772,0.538434096309916,0.46109763553349,1.46673752902754,429,"CC"
"POSITIVE_REGULATION_OF_BINDING",1.70249168569296e-05,0.000954035378456362,0.575610261071129,0.614587854992342,1.77929250929354,102,"BP"
"NEGATIVE_REGULATION_OF_PROTEIN_CONTAINING_COMPLEX_ASSEMBLY",1.74707977567784e-05,0.000971715340904995,0.575610261071129,0.623147573060152,1.7908159727662,93,"BP"
"POSITIVE_REGULATION_OF_PROTEIN_CATABOLIC_PROCESS",1.77058042686381e-05,0.000975563005523891,0.575610261071129,0.554171421037866,1.67766325665225,164,"BP"
"RRNA_METABOLIC_PROCESS",1.78017669061115e-05,0.000975563005523891,0.575610261071129,0.526059903482071,1.64048984127648,236,"BP"
"CENTROSOME",7.69905811364817e-05,0.00099986452081194,0.538434096309916,0.453106064791533,1.4433077640926,437,"CC"
"REGULATION_OF_DNA_BINDING",1.84174912312836e-05,0.00100193840983034,0.575610261071129,0.659445078827181,1.81997353402759,69,"BP"
"REGULATION_OF_CELLULAR_RESPIRATION",1.89736958668337e-05,0.00102471706735878,0.575610261071129,0.759037994233201,1.87323627569972,34,"BP"
"MICROTUBULE_ORGANIZING_CENTER",8.00887326552241e-05,0.00102659193676242,0.538434096309916,0.432978219455145,1.38411643630866,568,"CC"
"MITOCHONDRIAL_PROTON_TRANSPORTING_ATP_SYNTHASE_COMPLEX_COUPLING_FACTOR_F_O",8.3072710798856e-05,0.00105118930203168,0.538434096309916,0.905095861842442,1.77911446813469,10,"CC"
"POSITIVE_REGULATION_OF_SIGNAL_TRANSDUCTION_BY_P53_CLASS_MEDIATOR",1.97061838789188e-05,0.00105662006078836,0.575610261071129,0.84210462146496,1.86504192900569,19,"BP"
"MEMBRANE_ORGANIZATION",2.10779798781687e-05,0.0011112020775638,0.575610261071129,0.458941114608827,1.45862465814031,477,"BP"
"MITOCHONDRIAL_TRANSLATION",2.11714336527653e-05,0.0011112020775638,0.575610261071129,0.657178655471777,1.81371853166853,69,"BP"
"RIBOSOMAL_SMALL_SUBUNIT_BIOGENESIS",2.11714336527653e-05,0.0011112020775638,0.575610261071129,0.65763940180199,1.81499012524594,69,"BP"
"NEGATIVE_REGULATION_OF_UBIQUITIN_PROTEIN_LIGASE_ACTIVITY",2.4154285138468e-05,0.00125889431564337,0.575610261071129,0.935570187062819,1.75369637305557,9,"BP"
"REGULATION_OF_TRANSPORTER_ACTIVITY",2.49868790701551e-05,0.00129324451187407,0.575610261071129,0.574800710858641,1.70099574838256,127,"BP"
"CELLULAR_RESPONSE_TO_TOXIC_SUBSTANCE",2.62060172848594e-05,0.00133776775341857,0.575610261071129,0.673826297538866,1.80244345825001,57,"BP"
"NEGATIVE_REGULATION_OF_UBIQUITIN_PROTEIN_TRANSFERASE_ACTIVITY",2.6206103850679e-05,0.00133776775341857,0.575610261071129,0.853162177536954,1.8528105954309,17,"BP"
"INNER_MITOCHONDRIAL_MEMBRANE_ORGANIZATION",2.68779722038398e-05,0.00136273147506951,0.575610261071129,0.743835708237608,1.87143642931238,37,"BP"
"POSITIVE_REGULATION_OF_INTRINSIC_APOPTOTIC_SIGNALING_PATHWAY_BY_P53_CLASS_MEDIATOR",2.73245283868947e-05,0.00137601155451031,0.575610261071129,0.980820164462768,1.63294355717485,5,"BP"
"NEGATIVE_REGULATION_OF_PROTEIN_MODIFICATION_BY_SMALL_PROTEIN_CONJUGATION_OR_REMOVAL",2.90532749952167e-05,0.00145324871502919,0.575610261071129,0.653918268492154,1.81921995366431,72,"BP"
"APOPTOTIC_MITOCHONDRIAL_CHANGES",3.16869242795486e-05,0.00156330335039844,0.557332238758646,0.644529007449963,1.79819894348239,73,"BP"
"CATION_TRANSPORT",3.15920223140774e-05,0.00156330335039844,0.557332238758646,0.451594075917841,1.43444566802082,489,"BP"
"LOCALIZATION_WITHIN_MEMBRANE",3.1882746445802e-05,0.00156330335039844,0.557332238758646,0.467753139410577,1.48587658847357,428,"BP"
"REGULATION_OF_CATION_TRANSMEMBRANE_TRANSPORT",3.21316843761727e-05,0.0015652120500367,0.557332238758646,0.558385478288384,1.67359143934704,144,"BP"
"POSITIVE_REGULATION_OF_PROTEIN_CONTAINING_COMPLEX_ASSEMBLY",3.41783265792304e-05,0.00164342624512906,0.557332238758646,0.587880578393456,1.71666369236452,114,"BP"
"SMALL_MOLECULE_METABOLIC_PROCESS",3.40244060504138e-05,0.00164342624512906,0.557332238758646,0.41083984822891,1.32385431489258,950,"BP"
"G_PROTEIN_COUPLED_RECEPTOR_BINDING",4.24474120987942e-05,0.00174777219316785,0.557332238758646,0.632311750562449,1.78723187805381,83,"MF"
"DETOXIFICATION",3.68698697973448e-05,0.00176148166410007,0.557332238758646,0.668691621246336,1.8133669015247,61,"BP"
"NEURON_PROJECTION",0.000141846630283507,0.00177218511506102,0.518848077743792,0.420412951188111,1.35017165521885,698,"CC"
"AZUROPHIL_GRANULE_LUMEN",0.000152006269537347,0.00185222454362175,0.518848077743792,0.65840289402549,1.74765329132171,57,"CC"
"ENDOSOME",0.000151835640638109,0.00185222454362175,0.518848077743792,0.423917530238557,1.35562353363817,602,"CC"
"PROTEASOME_REGULATORY_PARTICLE",0.000155960757732243,0.00185461768532197,0.518848077743792,0.81369681701778,1.81141245854965,19,"CC"
"ROUGH_ENDOPLASMIC_RETICULUM",0.000155512519988005,0.00185461768532197,0.518848077743792,0.676147639571849,1.76484544211165,54,"CC"
"ORGANELLE_DISASSEMBLY",4.00357852112643e-05,0.001900552275029,0.557332238758646,0.620417971495001,1.78933841209785,97,"BP"
"REGULATION_OF_CALCIUM_ION_TRANSMEMBRANE_TRANSPORTER_ACTIVITY",4.04485015419048e-05,0.00190799165817605,0.557332238758646,0.729259962013141,1.84727882294296,38,"BP"
"PROTON_TRANSPORTING_TWO_SECTOR_ATPASE_COMPLEX_CATALYTIC_DOMAIN",0.000166646660078472,0.00195809825592204,0.518848077743792,0.850057973664002,1.84719274531781,16,"CC"
"HOMOPHILIC_CELL_ADHESION_VIA_PLASMA_MEMBRANE_ADHESION_MOLECULES",4.43393302657058e-05,0.00207837124824092,0.557332238758646,-0.601018673092575,-1.97631256719094,57,"BP"
"NEGATIVE_REGULATION_OF_CALCIUM_ION_TRANSPORT",4.5295141519559e-05,0.00210990431090796,0.557332238758646,0.823501139319582,1.83844958821942,20,"BP"
"MICOS_COMPLEX",0.000182158187784878,0.00211517801580794,0.518848077743792,0.936474219026146,1.76881225264094,8,"CC"
"NEGATIVE_REGULATION_OF_PROTEOLYSIS_INVOLVED_IN_CELLULAR_PROTEIN_CATABOLIC_PROCESS",4.57039595878552e-05,0.00211572429073469,0.557332238758646,0.696805205623431,1.80491072895484,47,"BP"
"RESPIRATORY_CHAIN_COMPLEX_IV",0.000190880674890417,0.00219068867577722,0.518848077743792,0.811134814594942,1.80570905279643,19,"CC"
"REGULATION_OF_SIGNAL_TRANSDUCTION_BY_P53_CLASS_MEDIATOR",4.89881965439235e-05,0.00225375943729544,0.557332238758646,0.635858430792589,1.7797436138873,75,"BP"
"CHANNEL_REGULATOR_ACTIVITY",6.17345982219991e-05,0.00243977754988166,0.538434096309916,0.658341657856173,1.79203229169391,65,"MF"
"LIPID_BINDING",6.22165495416088e-05,0.00243977754988166,0.538434096309916,0.46796722085879,1.47617647261886,366,"MF"
"CELLULAR_ION_HOMEOSTASIS",5.33789607547183e-05,0.0024406956718093,0.557332238758646,0.503476666805543,1.56714748779489,243,"BP"
"NEGATIVE_REGULATION_OF_ION_TRANSMEMBRANE_TRANSPORTER_ACTIVITY",5.49953442213769e-05,0.00249927012488977,0.557332238758646,0.780095488623701,1.85589658869897,27,"BP"
"CILIUM",0.000225565089600483,0.00255899705098479,0.518848077743792,0.450518749035902,1.42692383046602,387,"CC"
"VIRAL_LIFE_CYCLE",6.00155180847213e-05,0.00271088276536623,0.557332238758646,0.539346173717362,1.63365750190745,171,"BP"
"NEGATIVE_REGULATION_OF_UBIQUITIN_DEPENDENT_PROTEIN_CATABOLIC_PROCESS",6.04867396897857e-05,0.0027157088608914,0.557332238758646,0.721811399861599,1.82841096807549,38,"BP"
"ION_HOMEOSTASIS",6.27986170529128e-05,0.00280262331075065,0.538434096309916,0.483426881419872,1.51761027565548,296,"BP"
"NEGATIVE_REGULATION_OF_PROTEIN_POLYMERIZATION",6.56061886913289e-05,0.00290111957604853,0.538434096309916,0.668120670257679,1.77215206191332,55,"BP"
"POSITIVE_REGULATION_OF_GENE_EXPRESSION",6.57841417351672e-05,0.00290111957604853,0.538434096309916,0.45043422189173,1.43206169720309,508,"BP"
"DE_NOVO_PROTEIN_FOLDING",6.69194695712179e-05,0.00293382827478993,0.538434096309916,0.744702300799283,1.83108224098521,33,"BP"
"PROTEIN_POLYMERIZATION",6.74997425753097e-05,0.00294196246440809,0.538434096309916,0.529572599545043,1.61007096814231,177,"BP"
"AUTOPHAGOSOME_MEMBRANE",0.000268247422737818,0.00297483377800254,0.49849310876659,0.710261760256877,1.75312387271308,36,"CC"
"U2_TYPE_CATALYTIC_STEP_2_SPLICEOSOME",0.000267492951379344,0.00297483377800254,0.49849310876659,0.741638856366922,1.78781348229984,30,"CC"
"REGULATION_OF_PROTEIN_LOCALIZATION_TO_NUCLEUS",6.91209299965128e-05,0.0029951063445582,0.538434096309916,0.628499720616749,1.76386475856591,78,"BP"
"NEGATIVE_REGULATION_OF_PROTEIN_CATABOLIC_PROCESS",7.023421983534e-05,0.00302517510276838,0.538434096309916,0.615232335489048,1.7402931140949,83,"BP"
"REGULATION_OF_AEROBIC_RESPIRATION",7.06266560957598e-05,0.00302517510276838,0.538434096309916,0.801855522817833,1.8534555258081,23,"BP"
"BETA_TUBULIN_BINDING",7.93112200933561e-05,0.00303780417427343,0.538434096309916,0.758518879628273,1.84179111933295,31,"MF"
"POSITIVE_REGULATION_OF_ORGANELLE_ORGANIZATION",7.41509615011077e-05,0.00315798352038718,0.538434096309916,0.483727178878326,1.52060971956209,306,"BP"
"ORGANELLE_LOCALIZATION",7.59366805730481e-05,0.00321565954722118,0.538434096309916,0.47623375344994,1.50384639276509,365,"BP"
"CELLULAR_OXIDANT_DETOXIFICATION",7.69231931529914e-05,0.00323903140434602,0.538434096309916,0.688966684948659,1.78460687652829,47,"BP"
"PROTEASOME_REGULATORY_PARTICLE_BASE_SUBCOMPLEX",0.000297612801403102,0.00326382038872069,0.49849310876659,0.905476637183954,1.74502628934616,9,"CC"
"TRANSLATION_PREINITIATION_COMPLEX",0.000306741774342073,0.00332696847555633,0.49849310876659,0.821325254994042,1.81409556237634,18,"CC"
"RESPONSE_TO_OXIDATIVE_STRESS",8.08278635473138e-05,0.00338432621920298,0.538434096309916,0.487879451226381,1.52181817825102,258,"BP"
"HOMEOSTATIC_PROCESS",8.20306128044749e-05,0.00338762564051528,0.538434096309916,0.410754251394244,1.3193632589481,795,"BP"
"NEGATIVE_REGULATION_OF_CALCIUM_ION_TRANSMEMBRANE_TRANSPORT",8.27247908994742e-05,0.00338762564051528,0.538434096309916,0.876500950462952,1.82594663515676,14,"BP"
"RESPONSE_TO_TEMPERATURE_STIMULUS",8.25436336387534e-05,0.00338762564051528,0.538434096309916,0.588702570736139,1.70098183701934,99,"BP"
"SIGNAL_TRANSDUCTION_BY_P53_CLASS_MEDIATOR",8.20637287920164e-05,0.00338762564051528,0.538434096309916,0.566840828207728,1.66711371813645,122,"BP"
"POSITIVE_REGULATION_OF_PROTEOLYSIS_INVOLVED_IN_CELLULAR_PROTEIN_CATABOLIC_PROCESS",8.51849744438824e-05,0.00346930936901779,0.538434096309916,0.587645405072473,1.69792729015305,99,"BP"
"HEAT_SHOCK_PROTEIN_BINDING",9.78095000942246e-05,0.00358689993367632,0.538434096309916,0.607460099613769,1.73986593219819,90,"MF"
"MHC_PROTEIN_COMPLEX_BINDING",9.80027304283148e-05,0.00358689993367632,0.538434096309916,0.875148654008651,1.81382029236436,14,"MF"
"MIDBODY",0.000342243314253251,0.00364412934352486,0.49849310876659,0.538856487960915,1.59928739909542,141,"CC"
"SMN_SM_PROTEIN_COMPLEX",0.000343367810484106,0.00364412934352486,0.49849310876659,0.841984346946248,1.8012186689312,15,"CC"
"U4_SNRNP",0.000347219255672976,0.00364580218456624,0.49849310876659,0.881774670995453,1.7332728398617,10,"CC"
"POSITIVE_REGULATION_OF_TRANSLATION",9.01513403433133e-05,0.00365161923684084,0.538434096309916,0.590159199012427,1.70721648951843,104,"BP"
"REGULATION_OF_UBIQUITIN_PROTEIN_LIGASE_ACTIVITY",9.4825020547292e-05,0.00382016690885928,0.538434096309916,0.86676156895948,1.83238119717557,15,"BP"
"ENDOSOME_ORGANIZATION",9.95528678056233e-05,0.00398907270836188,0.538434096309916,0.633355291926017,1.74666464818019,70,"BP"
"MAINTENANCE_OF_LOCATION_IN_CELL",0.000101033049246052,0.00400531551080227,0.538434096309916,0.584288081242512,1.68822672633758,99,"BP"
"POSITIVE_REGULATION_OF_ION_TRANSMEMBRANE_TRANSPORT",0.000100921719737951,0.00400531551080227,0.538434096309916,0.653332952734632,1.77171705838968,61,"BP"
"ESTABLISHMENT_OF_PROTEIN_LOCALIZATION_TO_MITOCHONDRIAL_MEMBRANE",0.000102581905844394,0.00404520076327125,0.538434096309916,0.776913856282497,1.83049611664778,26,"BP"
"CYTOPLASMIC_DYNEIN_COMPLEX",0.00039227663888644,0.00407554781664122,0.49849310876659,0.786280464674768,1.77115671379118,20,"CC"
"DICARBOXYLIC_ACID_METABOLIC_PROCESS",0.000104177259084336,0.0040823472066703,0.538434096309916,0.660160700354275,1.75103869466538,55,"BP"
"PROTEIN_NEDDYLATION",0.000104619390376228,0.0040823472066703,0.538434096309916,0.839251346131336,1.79895570948394,16,"BP"
"ENZYME_REGULATOR_ACTIVITY",0.00011518867058408,0.00412425522721695,0.538434096309916,0.427946573788456,1.37225980417353,663,"MF"
"MOLECULAR_TRANSDUCER_ACTIVITY",0.000123159996532663,0.00430749057357484,0.518848077743792,-0.405298804248997,-1.53751546348506,204,"MF"
"RIBONUCLEOPROTEIN_COMPLEX_BINDING",0.000125537065896535,0.00430749057357484,0.518848077743792,0.56934906646356,1.69814517005341,129,"MF"
"CYTOKINESIS",0.000117241961729111,0.00449749200260008,0.538434096309916,0.576550880389047,1.6796332409788,111,"BP"
"NEGATIVE_REGULATION_OF_CELLULAR_COMPONENT_ORGANIZATION",0.000117672204549445,0.00449749200260008,0.538434096309916,0.460189892638897,1.45907869227856,406,"BP"
"RESPONSE_TO_HEAT",0.000117475815338837,0.00449749200260008,0.538434096309916,0.643946404886205,1.75855809813327,65,"BP"
"TRANSLATIONAL_ELONGATION",0.000116480435171089,0.00449749200260008,0.538434096309916,0.693701258215538,1.80468625332585,48,"BP"
"SPERM_EGG_RECOGNITION",0.000120922996913365,0.00459815865303728,0.538434096309916,0.86191535512536,1.82213603700102,15,"BP"
"REGULATION_OF_TRANSLATIONAL_INITIATION",0.000122738153164664,0.00464348962201137,0.518848077743792,0.640229215377854,1.76125022720686,68,"BP"
"CELL_BODY",0.000459480882361882,0.0047240378217831,0.49849310876659,0.466827100629131,1.45443117184779,284,"CC"
"POSITIVE_REGULATION_OF_CELLULAR_BIOSYNTHETIC_PROCESS",0.000126086254202014,0.00474606491195762,0.518848077743792,0.402070205337627,1.29877629335132,1062,"BP"
"NEGATIVE_REGULATION_OF_PROTEIN_MODIFICATION_PROCESS",0.000127384837619969,0.00477085022503331,0.518848077743792,0.467247609772838,1.47132778241311,325,"BP"
"METHYLOSOME",0.000477192073039964,0.00481841075739826,0.49849310876659,0.859326064262077,1.76761324305293,12,"CC"
"RIBONUCLEOPROTEIN_GRANULE",0.000478423763145926,0.00481841075739826,0.49849310876659,0.509847448139996,1.54498300995842,186,"CC"
"POSITIVE_REGULATION_OF_TRANSPORTER_ACTIVITY",0.000131690399569712,0.00490744273996532,0.518848077743792,0.659453887910161,1.74868507442797,54,"BP"
"CELLULAR_RESPONSE_TO_REACTIVE_OXYGEN_SPECIES",0.000139431541643747,0.00517006606900917,0.518848077743792,0.615662631657624,1.72767377239904,77,"BP"
"U1_SNRNP",0.000523859004845751,0.00522271553315916,0.477270815362862,0.811658409011137,1.79274399392872,18,"CC"
"PIGMENT_GRANULE",0.000552818842297418,0.00545632197347552,0.477270815362862,0.602169636738343,1.65752277916577,75,"CC"
"ANTIOXIDANT_ACTIVITY",0.000167149563958095,0.00550590663677964,0.518848077743792,0.707454943661561,1.79240160771539,41,"MF"
"TRANSLATION_ELONGATION_FACTOR_ACTIVITY",0.000165061479447168,0.00550590663677964,0.518848077743792,0.821469416712716,1.78894164878282,18,"MF"
"MICROTUBULE_BASED_PROCESS",0.000149703047960459,0.00552344958638267,0.518848077743792,0.433322948641378,1.38033774725056,553,"BP"
"MHC_CLASS_II_PROTEIN_COMPLEX_BINDING",0.000172963217345393,0.00553335102448645,0.518848077743792,0.884870809988285,1.76500073025466,12,"MF"
"PROTEIN_FOLDING_CHAPERONE",0.000174702035988643,0.00553335102448645,0.518848077743792,0.74008715517695,1.82337366116886,34,"MF"
"PROTEIN_IMPORT",0.00015327825304051,0.00562750157591587,0.518848077743792,0.551934733552246,1.65405624194524,140,"BP"
"NEGATIVE_REGULATION_OF_BINDING",0.000163822926062385,0.00597993395260095,0.518848077743792,0.588833126074061,1.68973492034,92,"BP"
"REGULATION_OF_UBIQUITIN_PROTEIN_TRANSFERASE_ACTIVITY",0.000164482283682168,0.00597993395260095,0.518848077743792,0.709237241055818,1.80959787989068,42,"BP"
"ORGANOPHOSPHATE_BIOSYNTHETIC_PROCESS",0.000171264008746182,0.00611935170170201,0.518848077743792,0.46611632029237,1.46942382834934,349,"BP"
"POSITIVE_REGULATION_OF_CELLULAR_PROTEIN_CATABOLIC_PROCESS",0.000170414001313416,0.00611935170170201,0.518848077743792,0.571932710153582,1.67300529037389,116,"BP"
"REGULATION_OF_ORGANELLE_ORGANIZATION",0.000171521675870498,0.00611935170170201,0.518848077743792,0.416108994335421,1.33409615693799,738,"BP"
"REGULATION_OF_PROTEIN_LOCALIZATION_TO_CHROMOSOME_TELOMERIC_REGION",0.000171601302248185,0.00611935170170201,0.518848077743792,0.864564903051319,1.80108119080461,14,"BP"
"POSITIVE_REGULATION_OF_CATABOLIC_PROCESS",0.000178071445846878,0.00631984040903228,0.518848077743792,0.463590116672646,1.46360833716285,352,"BP"
"AMIDE_BINDING",0.000208019988168993,0.00646431925498739,0.518848077743792,0.517823559794203,1.57138968260696,178,"MF"
"ACTIN_CYTOSKELETON",0.000690742842289196,0.00675013054791522,0.477270815362862,0.47732830898001,1.48025671996569,248,"CC"
"BINDING_OF_SPERM_TO_ZONA_PELLUCIDA",0.000191214469100035,0.0067541300388747,0.518848077743792,0.862630102681833,1.79705057084636,14,"BP"
"EUKARYOTIC_TRANSLATION_INITIATION_FACTOR_3_COMPLEX",0.00070488875037276,0.00682083526095994,0.477270815362862,0.832321674370139,1.78054775468085,15,"CC"
"NEGATIVE_REGULATION_OF_CELLULAR_PROTEIN_CATABOLIC_PROCESS",0.000212311794046288,0.00746396132559898,0.518848077743792,0.649499055429104,1.72275928814704,55,"BP"
"TELOMERASE_RNA_LOCALIZATION",0.000213822148867269,0.00748176749064675,0.518848077743792,0.805923323267046,1.78490979759953,19,"BP"
"NEGATIVE_REGULATION_OF_CATALYTIC_ACTIVITY",0.000215314662497539,0.00749878588595402,0.518848077743792,0.453587895170024,1.43608113110671,382,"BP"
"PROTEIN_LOCALIZATION_TO_CHROMOSOME",0.000217296194869469,0.00753259786214954,0.518848077743792,0.628872610641117,1.71280708812078,62,"BP"
"REGULATION_OF_PROTEIN_MODIFICATION_PROCESS",0.000219448738548,0.00757199744628816,0.518848077743792,0.409595558310513,1.31711273440667,829,"BP"
"MITOCHONDRIAL_GENE_EXPRESSION",0.000223775633252941,0.00768571333932797,0.518848077743792,0.577334490809388,1.6689120789192,100,"BP"
"MONOCARBOXYLIC_ACID_METABOLIC_PROCESS",0.00022719112102117,0.00776722672004944,0.518848077743792,0.478146457026359,1.49681980463524,278,"BP"
"POSITIVE_REGULATION_OF_CELLULAR_COMPONENT_ORGANIZATION",0.000229464677645411,0.00780913352735731,0.518848077743792,0.431866369431045,1.37681315840489,573,"BP"
"CYTOPLASMIC_SIDE_OF_MEMBRANE",0.000832949563579715,0.00794428582959486,0.477270815362862,0.560770002555887,1.59718566081831,102,"CC"
"U7_SNRNP",0.000837087868569266,0.00794428582959486,0.477270815362862,0.92108982943134,1.6904046311861,7,"CC"
"POSITIVE_REGULATION_OF_INTRINSIC_APOPTOTIC_SIGNALING_PATHWAY",0.000235659619000089,0.00798350518367118,0.518848077743792,0.699095461314507,1.76763950734986,39,"BP"
"U5_SNRNP",0.000856761306892827,0.00805355628479257,0.477270815362862,0.818348762912431,1.79375981956335,17,"CC"
"REGULATION_OF_ATP_DEPENDENT_ACTIVITY",0.000243058072610854,0.00819688604148731,0.518848077743792,0.67939231478972,1.76746107433942,48,"BP"
"CELL_REDOX_HOMEOSTASIS",0.000248181813878784,0.00833197774251613,0.49849310876659,0.738485841464511,1.79026570871307,30,"BP"
"PROTEIN_TAG",0.000275586761429691,0.00840539622360559,0.49849310876659,0.907822290348706,1.76122741251588,10,"MF"
"TRANSCRIPTION_INITIATION_FROM_RNA_POLYMERASE_II_PROMOTER",0.000256145352545638,0.00856076821759031,0.49849310876659,0.64051777193313,1.72767631645964,59,"BP"
"AUTOLYSOSOME",0.000938525034791267,0.00860468577631539,0.477270815362862,0.883298374011434,1.70228454350891,9,"CC"
"MITOCHONDRIAL_SMALL_RIBOSOMAL_SUBUNIT",0.000941546163973721,0.00860468577631539,0.477270815362862,0.738791927692601,1.72832946661552,25,"CC"
"MYELIN_SHEATH",0.000926412286433375,0.00860468577631539,0.477270815362862,0.715675202939244,1.69589452052968,27,"CC"
"DNA_BINDING_TRANSCRIPTION_FACTOR_BINDING",0.000303304280979328,0.00876389738198163,0.49849310876659,0.479300741055568,1.49780444008346,299,"MF"
"MAGNESIUM_ION_BINDING",0.000293058269775125,0.00876389738198163,0.49849310876659,0.534172438538168,1.60195310432955,151,"MF"
"TUBULIN_BINDING",0.000301686960872221,0.00876389738198163,0.49849310876659,0.487530942432171,1.51315885254741,251,"MF"
"POSITIVE_REGULATION_OF_PROTEASOMAL_UBIQUITIN_DEPENDENT_PROTEIN_CATABOLIC_PROCESS",0.000264317474944141,0.00879445598552984,0.49849310876659,0.610406712885602,1.70850522148137,75,"BP"
"VESICLE_MEMBRANE",0.000971289915590892,0.00879507474025881,0.477270815362862,0.410518076931434,1.31533461478398,648,"CC"
"PROTEIN_STABILIZATION",0.000267561261179398,0.00886281813142247,0.49849310876659,0.550534990069108,1.64366883957853,137,"BP"
"RESPONSE_TO_NITROGEN_COMPOUND",0.000269000557609493,0.00887106706134316,0.49849310876659,0.427132878135508,1.35922737614384,544,"BP"
"REGULATION_OF_INTRACELLULAR_TRANSPORT",0.000271053912372206,0.00889940444453766,0.49849310876659,0.49129398257579,1.52375529770561,228,"BP"
"VIRION_ASSEMBLY",0.000273015140549316,0.00892448176541249,0.49849310876659,0.714127619617864,1.76240158293878,34,"BP"
"REGULATION_OF_OXIDATIVE_PHOSPHORYLATION",0.000276306552358157,0.0089926320293683,0.49849310876659,0.825507525841792,1.76949549581379,16,"BP"
"POSITIVE_REGULATION_OF_CELL_DEATH",0.000280008974972316,0.00905794419463032,0.49849310876659,0.474188325307987,1.4836681781693,277,"BP"
"POSITIVE_REGULATION_OF_INTRACELLULAR_SIGNAL_TRANSDUCTION",0.00028074401032599,0.00905794419463032,0.49849310876659,0.443939432313602,1.4110310726299,437,"BP"
"CHEMICAL_HOMEOSTASIS",0.000288849217856382,0.00927928112363627,0.49849310876659,0.431065989781148,1.36906138085706,492,"BP"
"CELLULAR_RESPONSE_TO_STRESS",0.000294511511642509,0.00942057637884816,0.49849310876659,0.388803310551897,1.25850250405068,1166,"BP"
"PROTEIN_LOCALIZATION_TO_NUCLEOPLASM",0.000298434975152682,0.00950528149492708,0.49849310876659,0.855444452489388,1.78208126159076,14,"BP"
"ION_TRANSPORT",0.000328115612713454,0.0104061517512909,0.49849310876659,0.422588029190702,1.34857893968777,614,"BP"
"RESPONSE_TO_OXYGEN_CONTAINING_COMPOUND",0.000335605368469751,0.0105985881830722,0.49849310876659,0.413811803128097,1.32570344058779,721,"BP"
"NEGATIVE_REGULATION_OF_PROTEASOMAL_PROTEIN_CATABOLIC_PROCESS",0.000359960154837179,0.011225033615069,0.49849310876659,0.702525176655811,1.76750214266781,37,"BP"
"POSITIVE_REGULATION_OF_CELLULAR_AMIDE_METABOLIC_PROCESS",0.000358859258468021,0.011225033615069,0.49849310876659,0.545940204256258,1.59962830822787,119,"BP"
"PROTEIN_REFOLDING",0.000359753119931871,0.011225033615069,0.49849310876659,0.818219430630436,1.75387328614779,16,"BP"
"REGULATION_OF_MITOCHONDRIAL_MEMBRANE_POTENTIAL",0.00036504148432599,0.0113360590945067,0.49849310876659,0.667304170938895,1.72209788994947,45,"BP"
"SECONDARY_LYSOSOME",0.00126906355384508,0.0113869611604099,0.45505986738723,0.843006990034326,1.68684687973087,11,"CC"
"NUCLEOSOMAL_DNA_BINDING",0.000402858954569204,0.0114398051409565,0.49849310876659,0.732048166010571,1.77751648283691,31,"MF"
"LIGASE_ACTIVITY",0.000420544315443624,0.0115439414589275,0.49849310876659,0.545120626765046,1.62927768355264,132,"MF"
"SECONDARY_ACTIVE_TRANSMEMBRANE_TRANSPORTER_ACTIVITY",0.000417441622323264,0.0115439414589275,0.49849310876659,-0.518557805812251,-1.76715343214166,83,"MF"
"INTRINSIC_COMPONENT_OF_ORGANELLE_MEMBRANE",0.00132447534098108,0.0116719389423958,0.45505986738723,0.453120937695255,1.40917417930895,282,"CC"
"LATE_ENDOSOME",0.00131473427003352,0.0116719389423958,0.45505986738723,0.489036834225732,1.48171904773415,183,"CC"
"POSITIVE_REGULATION_OF_CATALYTIC_ACTIVITY",0.00038395568083505,0.0118739489181063,0.49849310876659,0.42238979664806,1.34534520701387,554,"BP"
"REGULATION_OF_PROTEIN_STABILITY",0.000392307420539244,0.0120820958895826,0.49849310876659,0.492088915410216,1.52561833708823,220,"BP"
"PROTEIN_KINASE_C_BINDING",0.000452353563158354,0.0122135462052756,0.49849310876659,0.740559202056678,1.76806495389532,28,"MF"
"RIBOSOMAL_LARGE_SUBUNIT_ASSEMBLY",0.000404963321057172,0.0124205416948111,0.49849310876659,0.770081284390445,1.78001070175223,23,"BP"
"RESPONSE_TO_ORGANIC_CYCLIC_COMPOUND",0.000409363860636084,0.012504052677544,0.49849310876659,0.450661212452446,1.42658806212202,385,"BP"
"NEGATIVE_REGULATION_OF_SUPRAMOLECULAR_FIBER_ORGANIZATION",0.000412022683481778,0.0125338982040396,0.49849310876659,0.566764570086977,1.63954035003856,104,"BP"
"CONTRACTILE_FIBER",0.00147188545989525,0.0128562030877577,0.45505986738723,0.542559804603308,1.54122938180055,99,"CC"
"METHYLTRANSFERASE_COMPLEX",0.0014886685608512,0.0128887356978959,0.45505986738723,0.583884331656229,1.61022032860169,78,"CC"
"POSITIVE_REGULATION_OF_NUCLEOBASE_CONTAINING_COMPOUND_METABOLIC_PROCESS",0.000426925299208236,0.0129344481910528,0.49849310876659,0.391418222416441,1.2647604850596,1075,"BP"
"CYTOSKELETON_DEPENDENT_INTRACELLULAR_TRANSPORT",0.000437718180176685,0.0131544903099066,0.49849310876659,0.520939156285824,1.57245185074778,159,"BP"
"TRANSMEMBRANE_TRANSPORT",0.000436932043861951,0.0131544903099066,0.49849310876659,0.417345908182268,1.33481153059809,640,"BP"
"NEGATIVE_REGULATION_OF_PROTEASOMAL_UBIQUITIN_DEPENDENT_PROTEIN_CATABOLIC_PROCESS",0.000442153527385343,0.0132344186329436,0.49849310876659,0.738109415253708,1.76297029288563,28,"BP"
"INTRINSIC_APOPTOTIC_SIGNALING_PATHWAY_BY_P53_CLASS_MEDIATOR",0.000457299264976022,0.0135786909237701,0.49849310876659,0.630530322004778,1.70073704723224,59,"BP"
"SINGLE_FERTILIZATION",0.000456738323549568,0.0135786909237701,0.49849310876659,0.650905464233067,1.7175540931122,52,"BP"
"METAL_ION_HOMEOSTASIS",0.000461520139822783,0.0136496412781714,0.49849310876659,0.476348309676932,1.47717731624396,229,"BP"
"TRICARBOXYLIC_ACID_CYCLE",0.000472210933945466,0.0139106248644093,0.49849310876659,0.740718918571628,1.76221723392762,27,"BP"
"STRUCTURAL_CONSTITUENT_OF_CYTOSKELETON",0.000541040716519757,0.0143724848404523,0.477270815362862,0.64583282057573,1.72380406277071,57,"MF"
"PROTEIN_LOCALIZATION_TO_NUCLEUS",0.00050266276282426,0.0147493920131071,0.477270815362862,0.505855075585186,1.54844450474072,191,"BP"
"CUL2_RING_UBIQUITIN_LIGASE_COMPLEX",0.00172198423087949,0.0147791168337223,0.45505986738723,0.804407593677838,1.76320181013745,17,"CC"
"REGULATION_OF_GENERATION_OF_PRECURSOR_METABOLITES_AND_ENERGY",0.000510776495699434,0.0149286949899917,0.477270815362862,0.584263784308359,1.65613231311366,86,"BP"
"REGULATION_OF_SUPRAMOLECULAR_FIBER_ORGANIZATION",0.000515337820586004,0.0150031749094824,0.477270815362862,0.48136273790316,1.49180679134942,222,"BP"
"POSTSYNAPSE",0.00177433982614368,0.0150039170194177,0.45505986738723,0.435392303172697,1.37045597688501,330,"CC"
"PROTEASOME_CORE_COMPLEX_ALPHA_SUBUNIT_COMPLEX",0.00177857982904952,0.0150039170194177,0.45505986738723,0.909702369408418,1.66950611016771,7,"CC"
"RIBOSOMAL_SMALL_SUBUNIT_ASSEMBLY",0.000524988736275729,0.0152246733519961,0.477270815362862,0.798611082636777,1.73434209168734,17,"BP"
"BLOOD_MICROPARTICLE",0.00183196661822202,0.0153233140015689,0.45505986738723,0.682824559966602,1.66710947073348,33,"CC"
"POSITIVE_REGULATION_OF_CALCIUM_ION_TRANSMEMBRANE_TRANSPORTER_ACTIVITY",0.000538039046180988,0.0155426550821198,0.477270815362862,0.788690524438713,1.74674364632839,19,"BP"
"PYRUVATE_METABOLIC_PROCESS",0.000543581097849281,0.0155819612395027,0.477270815362862,0.616814463845327,1.68446327553085,65,"BP"
"REGULATION_OF_APOPTOTIC_SIGNALING_PATHWAY",0.000543040588161849,0.0155819612395027,0.477270815362862,0.488893013150196,1.51563458449539,213,"BP"
"MITOCHONDRIAL_ELECTRON_TRANSPORT_UBIQUINOL_TO_CYTOCHROME_C",0.000547226374223445,0.0156263531306028,0.477270815362862,0.891802690479271,1.671655601473,9,"BP"
"PROTEIN_TARGETING_TO_MEMBRANE",0.000551835374564108,0.01569782078865,0.477270815362862,0.574023839854775,1.63129268887145,88,"BP"
"REGULATION_OF_PROTEIN_POLYMERIZATION",0.000557378812599988,0.0157952254384324,0.477270815362862,0.527757151404975,1.57308710931957,132,"BP"
"REGULATION_OF_ESTABLISHMENT_OF_PROTEIN_LOCALIZATION_TO_CHROMOSOME",0.000561922763748126,0.0158636755992984,0.477270815362862,0.869158158509642,1.70967332159372,11,"BP"
"CYTOSKELETON_ORGANIZATION",0.000564966091732101,0.0158894048365258,0.477270815362862,0.400522421971645,1.28695520344567,803,"BP"
"REGULATION_OF_PHOSPHOPROTEIN_PHOSPHATASE_ACTIVITY",0.00057169736153114,0.0160182723138781,0.477270815362862,0.710437659395468,1.7685396401282,35,"BP"
"CYTOPLASMIC_TRANSLATIONAL_INITIATION",0.000575003707004925,0.0160505716416019,0.477270815362862,0.744361378955701,1.75379883180453,26,"BP"
"SEX_CHROMOSOME",0.00195644222808679,0.0162269620094257,0.431707695803346,0.714995947666772,1.6784628333977,26,"CC"
"REGULATION_OF_CALCIUM_ION_TRANSMEMBRANE_TRANSPORT",0.000587550608197064,0.0162488377709956,0.477270815362862,0.634390679561715,1.70121796860848,58,"BP"
"REGULATION_OF_SECRETION",0.000586330122158181,0.0162488377709956,0.477270815362862,0.470118086696481,1.46902652106138,252,"BP"
"REGULATION_OF_TRANSFERASE_ACTIVITY",0.000588647014379285,0.0162488377709956,0.477270815362862,0.437727319651822,1.39287134626985,463,"BP"
"ESTABLISHMENT_OF_PROTEIN_LOCALIZATION_TO_TELOMERE",0.000593906728271011,0.0163335307963242,0.477270815362862,0.831151470601979,1.75709950841981,15,"BP"
"NUCLEAR_PORE",0.0020566442382577,0.0169158988596696,0.431707695803346,0.590681875569879,1.60674690652792,69,"CC"
"NCRNA_PROCESSING",0.000635362841208926,0.0174094090276843,0.477270815362862,0.449033149835957,1.41488926507914,337,"BP"
"VESICLE_MEDIATED_TRANSPORT",0.000638456089960358,0.0174300851226174,0.477270815362862,0.399158364177484,1.28402393493947,880,"BP"
"PROTEIN_DNA_COMPLEX_SUBUNIT_ORGANIZATION",0.000646731407246251,0.0175915663438187,0.477270815362862,0.520162043662976,1.5614413485797,151,"BP"
"AUTOPHAGOSOME_MATURATION",0.000653151883317618,0.0177016035867862,0.477270815362862,0.64318498398549,1.6830847561345,50,"BP"
"DISORDERED_DOMAIN_SPECIFIC_BINDING",0.000696397786204373,0.0182058278393429,0.477270815362862,0.775219067111886,1.77330117472098,23,"MF"
"OUTER_MITOCHONDRIAL_MEMBRANE_PROTEIN_COMPLEX",0.00223223512256281,0.0182083972394173,0.431707695803346,0.75833234898674,1.68816276031444,19,"CC"
"COPPER_ION_BINDING",0.000716874018275434,0.0184483048140569,0.477270815362862,0.754892512022433,1.7556197989446,24,"MF"
"POSITIVE_REGULATION_OF_PROTEIN_LOCALIZATION_TO_NUCLEUS",0.000683741536992578,0.018463498823209,0.477270815362862,0.6429526484964,1.68994790938094,51,"BP"
"NEGATIVE_REGULATION_OF_CATABOLIC_PROCESS",0.000702588378705731,0.0189039393014217,0.477270815362862,0.489077898960479,1.51038095648697,203,"BP"
"AUTOPHAGY_OF_MITOCHONDRION",0.000705669983768693,0.0189185553562161,0.477270815362862,0.597592158935761,1.64926837476715,69,"BP"
"CELLULAR_RESPONSE_TO_OXYGEN_CONTAINING_COMPOUND",0.000716975119668503,0.0190164255049443,0.477270815362862,0.423203450578094,1.34640743579835,535,"BP"
"NEGATIVE_REGULATION_OF_RYANODINE_SENSITIVE_CALCIUM_RELEASE_CHANNEL_ACTIVITY",0.000714211188070199,0.0190164255049443,0.477270815362862,0.953826917924444,1.58800315972071,5,"BP"
"REGULATION_OF_CYTOSKELETON_ORGANIZATION",0.000715068740566535,0.0190164255049443,0.477270815362862,0.458404849407085,1.44146096319198,310,"BP"
"2_IRON_2_SULFUR_CLUSTER_BINDING",0.000762862115603677,0.0190368773393827,0.477270815362862,0.794153265982396,1.72945434623485,18,"MF"
"RIBONUCLEOTIDE_BINDING",0.000755606271819847,0.0190368773393827,0.477270815362862,0.38484415342095,1.24511140442263,1135,"MF"
"POSITIVE_REGULATION_OF_MITOCHONDRION_ORGANIZATION",0.00072505659550541,0.0191625773273114,0.477270815362862,0.641470429698242,1.6785981150339,50,"BP"
"REGULATION_OF_PLATELET_AGGREGATION",0.000736306481024272,0.0193911385267629,0.477270815362862,-0.837426561124108,-1.82971676501974,11,"BP"
"NEGATIVE_REGULATION_OF_CALCIUM_ION_TRANSPORT_INTO_CYTOSOL",0.000745471621357979,0.0195633802604965,0.477270815362862,0.93337913969229,1.62036163167932,6,"BP"
"POSITIVE_REGULATION_OF_TELOMERASE_RNA_LOCALIZATION_TO_CAJAL_BODY",0.00075576788149151,0.019763993055285,0.477270815362862,0.824179723718264,1.74236085553223,15,"BP"
"POSITIVE_REGULATION_BY_HOST_OF_VIRAL_PROCESS",0.000760318355952601,0.0198134710031984,0.477270815362862,0.861380862460608,1.69437502928755,11,"BP"
"ORGANIC_ACID_METABOLIC_PROCESS",0.00076400189706229,0.0198400910759765,0.477270815362862,0.425273571230817,1.35191713086992,487,"BP"
"POSITIVE_REGULATION_OF_UBIQUITIN_DEPENDENT_PROTEIN_CATABOLIC_PROCESS",0.000771403362930312,0.0199627404997209,0.477270815362862,0.578658681260364,1.63372897044505,81,"BP"
"TRANSMEMBRANE_TRANSPORTER_BINDING",0.000837237132728311,0.020581038173187,0.477270815362862,0.608369168460954,1.64009952530299,61,"MF"
"PROTEIN_LOCALIZATION_TO_NUCLEAR_BODY",0.000798180815875363,0.0205842270613117,0.477270815362862,0.849171878451366,1.69527754623467,12,"BP"
"SPLICEOSOMAL_SNRNP_ASSEMBLY",0.000808588230489022,0.0207807175235679,0.477270815362862,0.704678411153541,1.75420276105305,35,"BP"
"ESTABLISHMENT_OF_PROTEIN_LOCALIZATION_TO_CHROMOSOME",0.000815083964182331,0.0208756728008622,0.477270815362862,0.765551620030489,1.75756611440568,22,"BP"
"POSITIVE_REGULATION_OF_ATP_DEPENDENT_ACTIVITY",0.00081813030904349,0.020881935593497,0.477270815362862,0.711229281458006,1.73609533089515,31,"BP"
"POSITIVE_REGULATION_OF_ESTABLISHMENT_OF_PROTEIN_LOCALIZATION_TO_TELOMERE",0.00083279240505862,0.0211836238733853,0.477270815362862,0.87756526300184,1.70800874554715,10,"BP"
"POSITIVE_REGULATION_OF_PEPTIDASE_ACTIVITY",0.000845543100792471,0.0214348052047833,0.477270815362862,0.556173706264315,1.61086851982028,101,"BP"
"PROTEIN_DEPOLYMERIZATION",0.000859502991883189,0.0217148332152726,0.477270815362862,0.588582486774046,1.64211136137498,73,"BP"
"BIOLOGICAL_PROCESS_INVOLVED_IN_INTERACTION_WITH_SYMBIONT",0.000863656070266729,0.0217460428773579,0.477270815362862,0.641539170606159,1.67134080885904,49,"BP"
"POSITIVE_REGULATION_OF_PROTEIN_MODIFICATION_BY_SMALL_PROTEIN_CONJUGATION_OR_REMOVAL",0.000870855440862179,0.0218534868711981,0.477270815362862,0.55709267778763,1.61077878078816,103,"BP"
"REGULATION_OF_PROTEIN_DEPHOSPHORYLATION",0.00087840931582285,0.0219690759423748,0.477270815362862,0.62868895446447,1.68592789972821,58,"BP"
"REGULATION_OF_ATP_METABOLIC_PROCESS",0.000890043707330815,0.0221856045175136,0.477270815362862,0.628199039363965,1.68461411565331,58,"BP"
"REGULATION_OF_CALCIUM_ION_TRANSPORT",0.000905822608493015,0.0224288900368719,0.477270815362862,0.579108430861591,1.63810538546955,85,"BP"
"TRANSPORT_ALONG_MICROTUBULE",0.000903227255755835,0.0224288900368719,0.477270815362862,0.531894972587376,1.58801748869876,137,"BP"
"ENDOMEMBRANE_SYSTEM_ORGANIZATION",0.00090926283592844,0.0224395229012406,0.477270815362862,0.446355782364972,1.40704782979875,342,"BP"
"FERTILIZATION",0.000916802558806393,0.0225509223458219,0.477270815362862,0.603632705444725,1.6605743912929,68,"BP"
"CHAPERONIN_CONTAINING_T_COMPLEX",0.00284802566424015,0.0229992128483003,0.431707695803346,0.89494371984992,1.69036945698385,8,"CC"
"CYTOPLASMIC_MICROTUBULE",0.00288946544396072,0.0229992128483003,0.431707695803346,0.616397929175085,1.60888985210472,54,"CC"
"MOTILE_CILIUM",0.00288443792532716,0.0229992128483003,0.431707695803346,0.526342345153101,1.52349824275399,112,"CC"
"VIRAL_BUDDING",0.000945494808376675,0.0231801737066821,0.477270815362862,0.744950064878352,1.74082336572531,25,"BP"
"TRANSCRIPTION_COREGULATOR_ACTIVITY",0.000963304738687949,0.0233318074208684,0.477270815362862,0.45304608432984,1.42822287923717,357,"MF"
"CRISTAE_FORMATION",0.000960118938249957,0.0233848576692056,0.477270815362862,0.836965761116106,1.74358603312886,14,"BP"
"RESPONSE_TO_TOXIC_SUBSTANCE",0.000959692728021607,0.0233848576692056,0.477270815362862,0.550315136354593,1.59006618640288,99,"BP"
"UBIQUITIN_PROTEIN_TRANSFERASE_REGULATOR_ACTIVITY",0.000982781045475933,0.0234585562594038,0.45505986738723,0.78986800863804,1.72012219681686,18,"MF"
"MITOCHONDRIAL_OUTER_MEMBRANE_PERMEABILIZATION",0.000974910620941416,0.0236677812960143,0.477270815362862,0.731279946824979,1.72297751162618,26,"BP"
"POSITIVE_REGULATION_OF_SIGNALING",0.00100526243921774,0.0243253927256164,0.45505986738723,0.40330825629663,1.29396825648523,758,"BP"
"POSITIVE_REGULATION_OF_CALCIUM_ION_TRANSPORT",0.00101126788544808,0.0243915195800795,0.45505986738723,0.665154518873235,1.68489416765375,38,"BP"
"COP9_SIGNALOSOME",0.00310716233268451,0.0245341537788769,0.431707695803346,0.823010500474716,1.64683414387227,11,"CC"
"REGULATION_OF_METAL_ION_TRANSPORT",0.0010238646170846,0.0246156870681662,0.45505986738723,0.511155910441102,1.53321566944799,154,"BP"
"SECRETION",0.00102789885033626,0.0246332158570937,0.45505986738723,0.434408496273333,1.37878130495351,402,"BP"
"VIRAL_RELEASE_FROM_HOST_CELL",0.00103384135160725,0.0246962166459257,0.45505986738723,0.756272120669573,1.76239291193411,24,"BP"
"LIPID_GLYCOSYLATION",0.00103816671061954,0.0247203082883303,0.45505986738723,-0.894545610747331,-1.72403388264344,7,"BP"
"MULTIVESICULAR_BODY_SORTING_PATHWAY",0.0010443789758311,0.0247384676833638,0.45505986738723,0.701688965128166,1.71213968587005,32,"BP"
"NEGATIVE_REGULATION_OF_RESPONSE_TO_REACTIVE_OXYGEN_SPECIES",0.0010488871310805,0.0247384676833638,0.45505986738723,0.892697885135997,1.64883138348178,8,"BP"
"POSITIVE_REGULATION_OF_DNA_BIOSYNTHETIC_PROCESS",0.00104828083209548,0.0247384676833638,0.45505986738723,0.631077912645716,1.66523483285622,52,"BP"
"POSITIVE_REGULATION_OF_ATPASE_COUPLED_CALCIUM_TRANSMEMBRANE_TRANSPORTER_ACTIVITY",0.00105720300151325,0.0248506279333042,0.45505986738723,0.983319692290502,1.46660462690342,3,"BP"
"RESPONSE_TO_METAL_ION",0.00106031124148541,0.0248506279333042,0.45505986738723,0.497473494165063,1.50715254104784,166,"BP"
"REGULATION_OF_PROTEIN_BINDING",0.00106889147143575,0.024973191650817,0.45505986738723,0.539041784201467,1.57036010145429,111,"BP"
"NEGATIVE_REGULATION_OF_PROTEIN_BINDING",0.00107259775484768,0.0249814720839992,0.45505986738723,0.634191526812013,1.65955070131277,50,"BP"
"POSITIVE_REGULATION_OF_PROTEIN_SECRETION",0.00107619421822847,0.0249871511166877,0.45505986738723,0.62192407228441,1.66778680861352,58,"BP"
"INTRACELLULAR_PROTEIN_TRANSMEMBRANE_TRANSPORT",0.00108393300192665,0.0250886728675755,0.45505986738723,0.654589014029156,1.68362753414067,44,"BP"
"DISTAL_AXON",0.00322687161271264,0.025277160966249,0.431707695803346,0.490417137732907,1.46313353856177,157,"CC"
"MAINTENANCE_OF_LOCATION",0.00113603753029245,0.0262132746540855,0.45505986738723,0.513694913886189,1.54230190312221,152,"BP"
"MULTIVESICULAR_BODY_ORGANIZATION",0.00114440346228518,0.0263248117420106,0.45505986738723,0.71885703724941,1.71698609354126,28,"BP"
"ACYL_COA_BINDING",0.00115785172165459,0.0268239159410658,0.45505986738723,0.769347896215613,1.72947371792667,21,"MF"
"CARBON_CARBON_LYASE_ACTIVITY",0.00118891673569994,0.0268239159410658,0.45505986738723,0.701896881531856,1.72928320359208,34,"MF"
"HSP70_PROTEIN_BINDING",0.00115397107363105,0.0268239159410658,0.45505986738723,0.709433955601337,1.72260598156782,31,"MF"
"OXIDOREDUCTASE_ACTIVITY_ACTING_ON_CH_OH_GROUP_OF_DONORS",0.00118240454583553,0.0268239159410658,0.45505986738723,0.605702346804628,1.6733954703723,70,"MF"
"METAL_CLUSTER_BINDING",0.00122524527709789,0.0272699860997328,0.45505986738723,0.661073022639516,1.71650342163494,47,"MF"
"RNA_POLYMERASE_II_CORE_COMPLEX",0.00352272990668796,0.0273774363614253,0.431707695803346,0.78925932676102,1.63631256523136,13,"CC"
"BASEMENT_MEMBRANE",0.00356560734450557,0.0274941753830234,0.431707695803346,-0.699885983459184,-1.70940193147734,19,"CC"
"CYTOCHROME_COMPLEX_ASSEMBLY",0.00120697508780133,0.0276787240904101,0.45505986738723,0.698287806699524,1.70384076909494,32,"BP"
"TOXIN_TRANSPORT",0.00121762637278361,0.0277521998665328,0.45505986738723,0.745828792166398,1.72395207965867,23,"BP"
"VESICLE_ORGANIZATION",0.00121462049791061,0.0277521998665328,0.45505986738723,0.482154814993764,1.49195700834602,210,"BP"
"SULFUR_COMPOUND_METABOLIC_PROCESS",0.00124258873305987,0.0282347982545585,0.45505986738723,0.490847455208287,1.50186746939134,188,"BP"
"AUTOPHAGOSOME",0.00370818305097587,0.0283719121807224,0.431707695803346,0.558648379967363,1.55408013731708,82,"CC"
"CELLULAR_RESPONSE_TO_HEAT",0.00125360444006531,0.0283985224674977,0.45505986738723,0.65130608109464,1.6751837073076,44,"BP"
"NEGATIVE_REGULATION_OF_RESPONSE_TO_OXIDATIVE_STRESS",0.00126226347111136,0.0284494855116882,0.45505986738723,0.850573026826163,1.67311552885317,11,"BP"
"REGULATION_OF_INTRACELLULAR_SIGNAL_TRANSDUCTION",0.00126348848844342,0.0284494855116882,0.45505986738723,0.398617584515932,1.28156126068022,858,"BP"
"REGULATION_OF_MACROPHAGE_MIGRATION",0.00127702661924899,0.0286677090158516,0.45505986738723,0.850158423848033,1.67229998608478,11,"BP"
"POSITIVE_REGULATION_OF_SECRETION",0.00128287071594678,0.0287124187566107,0.45505986738723,0.516253573149938,1.5261064400805,125,"BP"
"SOMATODENDRITIC_COMPARTMENT",0.00380471849354008,0.0288865934855697,0.431707695803346,0.413240014809125,1.31539833192633,442,"CC"
"UBIQUITIN_LIGASE_COMPLEX",0.00383464371949316,0.0288915522987767,0.431707695803346,0.450104104843004,1.38781643136,234,"CC"
"MRNA_5_UTR_BINDING",0.00131646637025235,0.0289096014907417,0.45505986738723,0.776605285171336,1.72700023639437,20,"MF"
"POSITIVE_REGULATION_OF_PROTEIN_POLYMERIZATION",0.00130301581428139,0.0290759786342491,0.45505986738723,0.615662569994419,1.66488892843188,60,"BP"
"X_CHROMOSOME",0.00389345992671964,0.02911246172479,0.431707695803346,0.828104238494811,1.62777479595443,10,"CC"
"LIPOPOLYSACCHARIDE_RECEPTOR_COMPLEX",0.00392356092713168,0.0291169521434509,0.407017918923954,0.989112511372138,1.41551596356869,2,"CC"
"ENDOSOME_MEMBRANE",0.00402879467806517,0.0296747787108233,0.407017918923954,0.428881477725206,1.35035701768772,332,"CC"
"POSITIVE_REGULATION_OF_TELOMERE_MAINTENANCE_VIA_TELOMERE_LENGTHENING",0.0013430939527787,0.029880833522566,0.45505986738723,0.700244315297188,1.70928126550299,31,"BP"
"SENSORY_PERCEPTION",0.00134854310292079,0.0299127730537758,0.45505986738723,0.494130662153295,1.4970250512018,166,"BP"
"UBIQUITIN_LIKE_PROTEIN_CONJUGATING_ENZYME_ACTIVITY",0.00139674155323856,0.0302688597129462,0.45505986738723,0.703301321086801,1.70771507760968,31,"MF"
"PROTEIN_MATURATION_BY_IRON_SULFUR_CLUSTER_TRANSFER",0.00136868387022111,0.0302694388271748,0.45505986738723,0.838376914942798,1.70506003380077,13,"BP"
"NEURON_TO_NEURON_SYNAPSE",0.00428031855172313,0.031293884522598,0.407017918923954,0.459094298532639,1.40320761813587,199,"CC"
"POSITIVE_REGULATION_OF_CALCIUM_ION_TRANSMEMBRANE_TRANSPORT",0.00146635159945187,0.032333486599748,0.45505986738723,0.721994990638983,1.70110111425694,26,"BP"
"COTRANSLATIONAL_PROTEIN_TARGETING_TO_MEMBRANE",0.0014899958112441,0.0327579315079714,0.45505986738723,0.766301442151481,1.69715767309741,19,"BP"
"NCRNA_METABOLIC_PROCESS",0.00151053062512751,0.0331117198502215,0.45505986738723,0.423474953274973,1.34519901970688,440,"BP"
"PROTON_TRANSPORTING_V_TYPE_ATPASE_COMPLEX",0.00459416552705964,0.0333414807000579,0.407017918923954,0.726258490221036,1.63595263864898,20,"CC"
"ZYMOGEN_INHIBITION",0.00152800622505673,0.0333965700743337,0.45505986738723,-0.950499645009109,-1.57076907662912,4,"BP"
"GOLGI_VESICLE_TRANSPORT",0.0015404561868165,0.0335702338021737,0.45505986738723,0.460030038304249,1.42840737376271,232,"BP"
"SELECTIVE_AUTOPHAGY",0.00154736676553091,0.0336225204183728,0.45505986738723,0.608006254206493,1.62174628187465,56,"BP"
"REGULATION_OF_CALCIUM_MEDIATED_SIGNALING",0.0015711694454911,0.034040482201294,0.45505986738723,0.693002781466881,1.69094516735211,32,"BP"
"ANTIMICROBIAL_HUMORAL_RESPONSE",0.00162668900103743,0.0351411974629912,0.45505986738723,0.762512999219366,1.6887672608684,19,"BP"
"PROTEIN_DEPHOSPHORYLATION",0.00163183836509924,0.0351505529915742,0.45505986738723,0.478035261560729,1.46132797549881,184,"BP"
"ENDOCYTIC_VESICLE",0.00490928827010548,0.0353683760773293,0.407017918923954,0.47979171512398,1.43852317496914,164,"CC"
"CELLULAR_RESPONSE_TO_HYDROGEN_PEROXIDE",0.00165212696329185,0.0353830524638338,0.45505986738723,0.637419572480633,1.651099868066,46,"BP"
"REGULATION_OF_INTRACELLULAR_PROTEIN_TRANSPORT",0.00164782307662533,0.0353830524638338,0.45505986738723,0.49734173057169,1.49359444937247,149,"BP"
"AXON",0.00498016608685318,0.0356190139690152,0.407017918923954,0.421076810057441,1.33079927575991,372,"CC"
"REGULATION_OF_MITOCHONDRION_ORGANIZATION",0.00167030988385762,0.0356699700985411,0.45505986738723,0.539357194741567,1.56670770982715,105,"BP"
"POSITIVE_REGULATION_OF_CYCLIC_NUCLEOTIDE_PHOSPHODIESTERASE_ACTIVITY",0.00169158388793126,0.0358164054453173,0.45505986738723,0.953741739596356,1.52589374234434,4,"BP"
"REGULATION_OF_CALCIUM_ION_EXPORT_ACROSS_PLASMA_MEMBRANE",0.00169158388793126,0.0358164054453173,0.45505986738723,0.953741739596356,1.52589374234434,4,"BP"
"RESPONSE_TO_HYDROGEN_PEROXIDE",0.00169061942074588,0.0358164054453173,0.45505986738723,0.583616148114131,1.61069659582251,69,"BP"
"NUCLEOSOME_BINDING",0.00168728763822821,0.0360904251969073,0.45505986738723,0.6239972360355,1.65624558118314,55,"MF"
"PROTEIN_LOCALIZATION_TO_CHROMOSOME_TELOMERIC_REGION",0.00172587659096105,0.0364389751626989,0.45505986738723,0.719783640615768,1.6958909257691,26,"BP"
"RNA_LOCALIZATION",0.00173268036867083,0.0364792847110275,0.45505986738723,0.515120830189871,1.54766926567129,150,"BP"
"RNA_DEPENDENT_DNA_BIOSYNTHETIC_PROCESS",0.00174118812499843,0.0365551411144036,0.45505986738723,0.608522119849312,1.64557955838082,60,"BP"
"ARP2_3_PROTEIN_COMPLEX",0.0051611511221945,0.0366478860259422,0.407017918923954,0.878959999865857,1.66017941098344,8,"CC"
"NEGATIVE_REGULATION_OF_CELLULAR_CATABOLIC_PROCESS",0.00175052545526686,0.0366479388148986,0.45505986738723,0.487816512875881,1.48217876819224,174,"BP"
"REGULATION_OF_TELOMERASE_ACTIVITY",0.00176476921596301,0.0368202583934396,0.45505986738723,0.648190182893893,1.6419220311972,38,"BP"
"SYNAPTIC_MEMBRANE_ADHESION",0.00176863712664046,0.0368202583934396,0.45505986738723,-0.816184910489362,-1.78330528718112,11,"BP"
"PROTEIN_TRANSMEMBRANE_TRANSPORT",0.00177362140781092,0.0368211708980914,0.45505986738723,0.620750055251343,1.63798255934568,52,"BP"
"TRANSCRIPTION_FACTOR_TFIID_COMPLEX",0.00523924910162499,0.0369367061664562,0.407017918923954,0.672637421283917,1.59391035538707,27,"CC"
"REGULATION_OF_PROTEIN_K48_LINKED_UBIQUITINATION",0.00180122774327133,0.0372904176961146,0.45505986738723,0.941537386907572,1.5675426194282,5,"BP"
"CALCIUM_ION_EXPORT",0.00180686113375172,0.0373013994119814,0.45505986738723,0.917675463007122,1.59309978909589,6,"BP"
"SARCOPLASMIC_RETICULUM_CALCIUM_ION_TRANSPORT",0.00181176795748521,0.0373013994119814,0.45505986738723,0.768922722914082,1.6698679402265,17,"BP"
"G2_MI_TRANSITION_OF_MEIOTIC_CELL_CYCLE",0.00183176008019142,0.0376091126106519,0.45505986738723,-0.999017944826355,-1.33840851201466,1,"BP"
"SUPRAMOLECULAR_FIBER_ORGANIZATION",0.00187468542775048,0.0383846991566602,0.45505986738723,0.434899183964461,1.38021725655484,401,"BP"
"ATP_HYDROLYSIS_ACTIVITY",0.00185267128395408,0.0391198667265689,0.45505986738723,0.479729530495044,1.47567641015211,219,"MF"
"MIDDLE_EAR_MORPHOGENESIS",0.00193708195529899,0.0394027723117597,0.45505986738723,0.914223558835523,1.58710722633331,6,"BP"
"REGULATION_OF_MEMBRANE_PERMEABILITY",0.00194026800461771,0.0394027723117597,0.45505986738723,0.618220624073061,1.63130811103909,52,"BP"
"REGULATION_OF_PEPTIDASE_ACTIVITY",0.00193910921708471,0.0394027723117597,0.45505986738723,0.483432291175076,1.48269788015837,193,"BP"
"RESPIRATORY_CHAIN_COMPLEX_III",0.00564373783828128,0.0395061648679689,0.407017918923954,0.810365413918026,1.66690235165114,12,"CC"
"FATTY_ACID_DERIVATIVE_BINDING",0.00192579145475971,0.0401490952656867,0.45505986738723,0.787093859659966,1.69640472195974,17,"MF"
"PROTEIN_DNA_COMPLEX_ASSEMBLY",0.00202008162762396,0.0409121423116341,0.431707695803346,0.525129896969929,1.52983138311625,111,"BP"
"POSITIVE_REGULATION_OF_CELLULAR_RESPIRATION",0.00202930064301443,0.0409874734211017,0.431707695803346,0.858110045324105,1.6701429783603,10,"BP"
"9PLUS2_MOTILE_CILIUM",0.00597979166273819,0.0413881283529151,0.407017918923954,0.568488197139893,1.54732276050714,68,"CC"
"AMPHISOME",0.00599645628618729,0.0413881283529151,0.407017918923954,0.803502913958262,1.60779969714126,11,"CC"
"REGULATION_OF_ATPASE_COUPLED_CALCIUM_TRANSMEMBRANE_TRANSPORTER_ACTIVITY",0.00205626259534654,0.0414197976300479,0.431707695803346,0.939683342317702,1.56445586583418,5,"BP"
"NEGATIVE_REGULATION_OF_NUCLEOCYTOPLASMIC_TRANSPORT",0.00207520389688439,0.0415942722522681,0.431707695803346,0.830753118076838,1.6585065323978,12,"BP"
"POSITIVE_REGULATION_OF_DNA_METABOLIC_PROCESS",0.00207608604291477,0.0415942722522681,0.431707695803346,0.492395650676224,1.49064722487454,164,"BP"
"ENDOSOME_TRANSPORT_VIA_MULTIVESICULAR_BODY_SORTING_PATHWAY",0.00212021450503427,0.0423645005523336,0.431707695803346,0.707238419368045,1.68923508841122,28,"BP"
"POSITIVE_REGULATION_OF_SEQUESTERING_OF_CALCIUM_ION",0.00213241356380584,0.0424943269814036,0.431707695803346,0.911843515541265,1.5829754317905,6,"BP"
"SYMPORTER_ACTIVITY",0.002133339598314,0.0439201289802894,0.431707695803346,-0.598420928382103,-1.78527105656241,42,"MF"
"PROTEASOME_CORE_COMPLEX_BETA_SUBUNIT_COMPLEX",0.00655298518284338,0.0446881611451675,0.407017918923954,0.812791754660911,1.5976755957697,10,"CC"
"TERTIARY_GRANULE",0.00656513005678753,0.0446881611451675,0.407017918923954,0.547193021887245,1.50619500393835,75,"CC"
"TELOMERASE_HOLOENZYME_COMPLEX_ASSEMBLY",0.00227941862606632,0.0453026853868593,0.431707695803346,0.937847990782347,1.56140023385046,5,"BP"
"PEPTIDYL_SERINE_DEPHOSPHORYLATION",0.00228927962739956,0.0453776624016194,0.431707695803346,0.763990529438867,1.65915670551615,17,"BP"
"NEURON_PROJECTION_TERMINUS",0.00675349335561117,0.0456554653560837,0.407017918923954,0.588813642428876,1.56336700557794,58,"CC"
"CYTOPLASMIC_SIDE_OF_ENDOPLASMIC_RETICULUM_MEMBRANE",0.00680746219889077,0.0457072461925523,0.407017918923954,0.810891491006501,1.59394031567025,10,"CC"
"POSITIVE_REGULATION_OF_TELOMERASE_ACTIVITY",0.00232278651168397,0.045919702577137,0.431707695803346,0.709858724230709,1.67250671044845,26,"BP"
"PICLN_SM_PROTEIN_COMPLEX",0.00695361359025484,0.0460618564669901,0.407017918923954,0.902556015908352,1.5946221236517,6,"CC"
"RNA_POLYMERASE_II_HOLOENZYME",0.00691404150789011,0.0460618564669901,0.407017918923954,0.569789581344786,1.52738541447881,62,"CC"
"POSITIVE_REGULATION_OF_CYSTEINE_TYPE_ENDOPEPTIDASE_ACTIVITY",0.00233741360667784,0.046086623308386,0.431707695803346,0.563669529836202,1.57260564118732,73,"BP"
"PROTEIN_MACROMOLECULE_ADAPTOR_ACTIVITY",0.00228439035433695,0.0464492705381847,0.431707695803346,0.474316368945105,1.45233448858972,210,"MF"
"ROUGH_ENDOPLASMIC_RETICULUM_MEMBRANE",0.00707033117569956,0.0465227791361031,0.407017918923954,0.709862770158845,1.61077944384898,21,"CC"
"RESPONSE_TO_REACTIVE_OXYGEN_SPECIES",0.00238730210691989,0.0469460754693244,0.431707695803346,0.530632037015354,1.54485676902535,110,"BP"
"UBIQUITIN_DEPENDENT_PROTEIN_CATABOLIC_PROCESS_VIA_THE_MULTIVESICULAR_BODY_SORTING_PATHWAY",0.0023974615213321,0.0470217913644424,0.431707695803346,0.689554978245083,1.68318882438684,31,"BP"
"NUCLEAR_BODY",0.00722643120900771,0.0472350172403351,0.407017918923954,0.391450094265895,1.25136204345293,568,"CC"
"HEXOSYLTRANSFERASE_ACTIVITY",0.00235291882817825,0.0472592354879217,0.431707695803346,-0.439709826384044,-1.55465112886768,104,"MF"
"CORE_MEDIATOR_COMPLEX",0.00730768292298777,0.047451862138085,0.407017918923954,0.70539792428849,1.63589108798954,24,"CC"
"REGULATION_OF_MACROAUTOPHAGY",0.00243314135415424,0.0475963320538361,0.431707695803346,0.515028078086489,1.51472923522154,122,"BP"
"POSITIVE_REGULATION_OF_PHOSPHOPROTEIN_PHOSPHATASE_ACTIVITY",0.00245593110115519,0.0479163730285591,0.431707695803346,0.792864204632648,1.67615814142118,15,"BP"
"MIB_COMPLEX",0.00745618427160151,0.0480996985364098,0.407017918923954,0.767295457510118,1.59077651134164,13,"CC"
"LATE_ENDOSOME_TO_VACUOLE_TRANSPORT",0.00247345222018729,0.0481322177468821,0.431707695803346,0.72549373796808,1.67694845182428,23,"BP"
"EXPORT_FROM_CELL",0.00248546341721326,0.0482399970012772,0.431707695803346,0.425916877516522,1.34857921207964,378,"BP"
"RESPONSE_TO_ANTIBIOTIC",0.00249658314712349,0.0483299589493802,0.431707695803346,0.691092636508112,1.67537328302866,30,"BP"
"DNA_REPLICATION_PREINITIATION_COMPLEX",0.00759353869479301,0.0483536947855529,0.407017918923954,-0.798296443167748,-1.68042327779608,10,"CC"
"PREFOLDIN_COMPLEX",0.00757311077492793,0.0483536947855529,0.407017918923954,0.874167842895359,1.60429235330562,7,"CC"
"CYTOSOLIC_CALCIUM_ION_TRANSPORT",0.00251446480736231,0.0484299973946013,0.431707695803346,0.60108423071366,1.61190150940388,58,"BP"
"MICROTUBULE_BASED_TRANSPORT",0.00251474694642569,0.0484299973946013,0.431707695803346,0.494082969112967,1.49138660404012,159,"BP"
"NEGATIVE_REGULATION_OF_INTRACELLULAR_TRANSPORT",0.0025719098875145,0.0494032071949627,0.431707695803346,0.646423065127198,1.63445911411371,39,"BP"
"MITOPHAGY",0.00258181500420879,0.0494659825870645,0.431707695803346,0.721552620145417,1.68614746137995,25,"BP"
